name,gender,age,diver_id,dive_number,event,height,date,score,meet
Max Valasek,M,23,32577,101B,1 meter,1,2013-03-16,22.75,2013 USA Diving Spring Junior Region 9 Championships
Max Valasek,M,23,32577,101B,1 meter,1,2012-06-08,24.7,2012 USA Diving Summer Junior Region 10 Championships
Max Valasek,M,23,32577,101C,1 meter,1,2012-01-28,24.6,SPA Championships
Max Valasek,M,23,32577,101C,1 meter,1,2011-07-07,15.0,2011 USA Diving Summer Junior Zone E Championships
Max Valasek,M,23,32577,101C,1 meter,1,2011-06-17,15.6,2011 USA Diving Summer Junior Region 9 Championships
Max Valasek,M,23,32577,103B,1 meter,1,2019-07-30,30.6,2019 USA Diving Junior National Championships
Max Valasek,M,23,32577,103B,1 meter,1,2019-06-14,35.7,2019 USA Diving Zone E Championships
Max Valasek,M,23,32577,103B,1 meter,1,2019-05-03,39.1,CIF Central Coast Section 2019 Diving Championship
Max Valasek,M,23,32577,103B,1 meter,1,2019-04-26,34.85,2019 USA Diving Junior Region 10 Championships
Max Valasek,M,23,32577,103B,1 meter,1,2018-07-29,31.45,2018 USA Diving Junior National Championships
Max Valasek,M,23,32577,103B,1 meter,1,2018-06-28,35.7,2018 USA Diving Zone E Championships
Max Valasek,M,23,32577,103B,1 meter,1,2018-05-18,40.8,2018 CIF State Swimming and Diving Championships
Max Valasek,M,23,32577,103B,1 meter,1,2018-05-11,37.4,CIF Central Coast Section 2018 Diving Championship
Max Valasek,M,23,32577,103B,1 meter,1,2018-04-27,31.45,2018 USA Diving Junior Region 10 Championships
Max Valasek,M,23,32577,103B,1 meter,1,2018-04-14,35.7,Capital Pre Region Invitational
Max Valasek,M,23,32577,103B,1 meter,1,2018-03-08,33.15,2018 Texas All Star Challenge
Max Valasek,M,23,32577,103B,1 meter,1,2017-07-29,32.3,2017 USA Diving National Diving Championships
Max Valasek,M,23,32577,103B,1 meter,1,2017-07-05,35.7,2017 USA Diving National Preliminary Zone E Championships
Max Valasek,M,23,32577,103B,1 meter,1,2017-04-21,37.4,2017 USA Diving Junior Region 10 Championships
Max Valasek,M,23,32577,103B,1 meter,1,2017-04-01,37.4,Capital Pre Region Invitational
Max Valasek,M,23,32577,103B,1 meter,1,2016-08-01,29.75,2016 USA Diving ATT National Diving Championships
Max Valasek,M,23,32577,103B,1 meter,1,2016-07-07,34.85,2016 USA Diving National Zone F Meet
Max Valasek,M,23,32577,103B,1 meter,1,2016-04-29,34.0,2016 USA Diving Junior Region 12 Championships
Max Valasek,M,23,32577,103B,1 meter,1,2015-08-01,33.15,2015 USA Diving ATT National Diving Championships
Max Valasek,M,23,32577,103B,1 meter,1,2015-06-11,27.2,2015 USA Diving National Preliminary Zone F Championships
Max Valasek,M,23,32577,103B,1 meter,1,2015-05-02,32.3,2015 USA Diving Junior Region 12 Championships
Max Valasek,M,23,32577,103B,1 meter,1,2015-03-27,30.6,2015 Rose Bowl Diving Invitational
Max Valasek,M,23,32577,103B,1 meter,1,2014-12-05,30.6,2014 Chris Vonk Memorial Diving Invitational
Max Valasek,M,23,32577,103B,1 meter,1,2014-08-04,27.2,2014 USA DIVING JUNIOR NATIONAL DIVING CHAMPIONSHIPS
Max Valasek,M,23,32577,103B,1 meter,1,2014-07-10,26.35,2014 USA Diving Summer Junior Zone E Championships
Max Valasek,M,23,32577,103B,1 meter,1,2014-06-13,30.6,2014 USA Diving Summer Junior Region 9 Championships
Max Valasek,M,23,32577,103B,1 meter,1,2014-04-25,30.6,2014 USA Diving Junior West National Championships
Max Valasek,M,23,32577,103B,1 meter,1,2014-03-07,30.6,2014 USA Diving Spring Junior Region 10 Championships
Max Valasek,M,23,32577,103B,1 meter,1,2014-02-15,32.3,2014 Rose Bowl Invitational
Max Valasek,M,23,32577,103B,1 meter,1,2013-12-13,28.9,2013 Chris Vonk Memorial Diving Invitational
Max Valasek,M,23,32577,103B,1 meter,1,2013-07-11,30.6,2013 USA Diving Summer Junior Zone E Championships
Max Valasek,M,23,32577,103B,1 meter,1,2013-06-07,20.4,2013 USA Diving Summer Junior Region 10 Championships
Max Valasek,M,23,32577,103B,1 meter,1,2013-05-24,25.5,Greg Louganis Southern California Invitational
Max Valasek,M,23,32577,103B,1 meter,1,2013-03-16,29.75,2013 USA Diving Spring Junior Region 9 Championships
Max Valasek,M,23,32577,103C,1 meter,1,2012-08-01,21.6,2012 USA DIVING Age Group National Championships
Max Valasek,M,23,32577,103C,1 meter,1,2012-07-12,27.2,2012 USA Diving Summer Junior Zone E Championships
Max Valasek,M,23,32577,103C,1 meter,1,2012-06-08,30.4,2012 USA Diving Summer Junior Region 10 Championships
Max Valasek,M,23,32577,103C,1 meter,1,2012-01-28,26.4,SPA Championships
Max Valasek,M,23,32577,103C,1 meter,1,2011-07-07,22.4,2011 USA Diving Summer Junior Zone E Championships
Max Valasek,M,23,32577,103C,1 meter,1,2011-06-17,21.6,2011 USA Diving Summer Junior Region 9 Championships
Max Valasek,M,23,32577,104C,1 meter,1,2014-12-05,38.5,2014 Chris Vonk Memorial Diving Invitational
Max Valasek,M,23,32577,104C,1 meter,1,2014-08-04,36.3,2014 USA DIVING JUNIOR NATIONAL DIVING CHAMPIONSHIPS
Max Valasek,M,23,32577,104C,1 meter,1,2014-07-10,33.0,2014 USA Diving Summer Junior Zone E Championships
Max Valasek,M,23,32577,104C,1 meter,1,2014-06-13,34.1,2014 USA Diving Summer Junior Region 9 Championships
Max Valasek,M,23,32577,104C,1 meter,1,2014-04-25,35.2,2014 USA Diving Junior West National Championships
Max Valasek,M,23,32577,104C,1 meter,1,2014-03-07,33.0,2014 USA Diving Spring Junior Region 10 Championships
Max Valasek,M,23,32577,104C,1 meter,1,2014-02-15,30.8,2014 Rose Bowl Invitational
Max Valasek,M,23,32577,104C,1 meter,1,2013-12-13,42.9,2013 Chris Vonk Memorial Diving Invitational
Max Valasek,M,23,32577,104C,1 meter,1,2013-07-11,26.4,2013 USA Diving Summer Junior Zone E Championships
Max Valasek,M,23,32577,104C,1 meter,1,2013-06-07,31.9,2013 USA Diving Summer Junior Region 10 Championships
Max Valasek,M,23,32577,104C,1 meter,1,2013-05-24,24.2,Greg Louganis Southern California Invitational
Max Valasek,M,23,32577,104C,1 meter,1,2012-08-01,25.3,2012 USA DIVING Age Group National Championships
Max Valasek,M,23,32577,104C,1 meter,1,2012-07-12,12.1,2012 USA Diving Summer Junior Zone E Championships
Max Valasek,M,23,32577,105B,1 meter,1,2019-07-30,53.3,2019 USA Diving Junior National Championships
Max Valasek,M,23,32577,105B,1 meter,1,2019-06-14,52.0,2019 USA Diving Zone E Championships
Max Valasek,M,23,32577,105B,1 meter,1,2019-05-03,57.2,CIF Central Coast Section 2019 Diving Championship
Max Valasek,M,23,32577,105B,1 meter,1,2019-04-26,50.7,2019 USA Diving Junior Region 10 Championships
Max Valasek,M,23,32577,105B,1 meter,1,2018-07-29,48.1,2018 USA Diving Junior National Championships
Max Valasek,M,23,32577,105B,1 meter,1,2018-06-28,50.7,2018 USA Diving Zone E Championships
Max Valasek,M,23,32577,105B,1 meter,1,2018-05-18,42.9,2018 CIF State Swimming and Diving Championships
Max Valasek,M,23,32577,105B,1 meter,1,2018-05-11,54.6,CIF Central Coast Section 2018 Diving Championship
Max Valasek,M,23,32577,105B,1 meter,1,2018-04-27,45.5,2018 USA Diving Junior Region 10 Championships
Max Valasek,M,23,32577,105B,1 meter,1,2018-04-14,53.3,Capital Pre Region Invitational
Max Valasek,M,23,32577,105B,1 meter,1,2018-03-08,46.8,2018 Texas All Star Challenge
Max Valasek,M,23,32577,105B,1 meter,1,2017-07-29,45.5,2017 USA Diving National Diving Championships
Max Valasek,M,23,32577,105C,1 meter,1,2017-07-05,44.4,2017 USA Diving National Preliminary Zone E Championships
Max Valasek,M,23,32577,105C,1 meter,1,2017-04-21,46.8,2017 USA Diving Junior Region 10 Championships
Max Valasek,M,23,32577,105C,1 meter,1,2017-04-01,31.2,Capital Pre Region Invitational
Max Valasek,M,23,32577,105C,1 meter,1,2016-08-01,45.6,2016 USA Diving ATT National Diving Championships
Max Valasek,M,23,32577,105C,1 meter,1,2016-07-07,46.8,2016 USA Diving National Zone F Meet
Max Valasek,M,23,32577,105C,1 meter,1,2016-04-29,39.6,2016 USA Diving Junior Region 12 Championships
Max Valasek,M,23,32577,105C,1 meter,1,2015-08-01,37.2,2015 USA Diving ATT National Diving Championships
Max Valasek,M,23,32577,105C,1 meter,1,2015-06-11,33.6,2015 USA Diving National Preliminary Zone F Championships
Max Valasek,M,23,32577,105C,1 meter,1,2015-05-02,31.2,2015 USA Diving Junior Region 12 Championships
Max Valasek,M,23,32577,105C,1 meter,1,2015-03-27,34.8,2015 Rose Bowl Diving Invitational
Max Valasek,M,23,32577,201B,1 meter,1,2019-07-30,33.6,2019 USA Diving Junior National Championships
Max Valasek,M,23,32577,201B,1 meter,1,2019-06-14,35.2,2019 USA Diving Zone E Championships
Max Valasek,M,23,32577,201B,1 meter,1,2019-05-03,36.8,CIF Central Coast Section 2019 Diving Championship
Max Valasek,M,23,32577,201B,1 meter,1,2019-04-26,29.6,2019 USA Diving Junior Region 10 Championships
Max Valasek,M,23,32577,201B,1 meter,1,2018-07-29,33.6,2018 USA Diving Junior National Championships
Max Valasek,M,23,32577,201B,1 meter,1,2018-06-28,36.0,2018 USA Diving Zone E Championships
Max Valasek,M,23,32577,201B,1 meter,1,2018-05-18,30.4,2018 CIF State Swimming and Diving Championships
Max Valasek,M,23,32577,201B,1 meter,1,2018-05-11,31.2,CIF Central Coast Section 2018 Diving Championship
Max Valasek,M,23,32577,201B,1 meter,1,2018-04-27,31.2,2018 USA Diving Junior Region 10 Championships
Max Valasek,M,23,32577,201B,1 meter,1,2018-04-14,30.4,Capital Pre Region Invitational
Max Valasek,M,23,32577,201B,1 meter,1,2018-03-08,26.4,2018 Texas All Star Challenge
Max Valasek,M,23,32577,201B,1 meter,1,2017-07-29,32.0,2017 USA Diving National Diving Championships
Max Valasek,M,23,32577,201B,1 meter,1,2017-07-05,33.6,2017 USA Diving National Preliminary Zone E Championships
Max Valasek,M,23,32577,201B,1 meter,1,2017-04-21,31.2,2017 USA Diving Junior Region 10 Championships
Max Valasek,M,23,32577,201B,1 meter,1,2017-04-01,28.8,Capital Pre Region Invitational
Max Valasek,M,23,32577,201B,1 meter,1,2016-08-01,27.2,2016 USA Diving ATT National Diving Championships
Max Valasek,M,23,32577,201B,1 meter,1,2016-07-07,33.6,2016 USA Diving National Zone F Meet
Max Valasek,M,23,32577,201B,1 meter,1,2016-04-29,28.8,2016 USA Diving Junior Region 12 Championships
Max Valasek,M,23,32577,201B,1 meter,1,2014-12-05,30.4,2014 Chris Vonk Memorial Diving Invitational
Max Valasek,M,23,32577,201C,1 meter,1,2015-08-01,23.25,2015 USA Diving ATT National Diving Championships
Max Valasek,M,23,32577,201C,1 meter,1,2015-06-11,24.75,2015 USA Diving National Preliminary Zone F Championships
Max Valasek,M,23,32577,201C,1 meter,1,2015-05-02,27.75,2015 USA Diving Junior Region 12 Championships
Max Valasek,M,23,32577,201C,1 meter,1,2015-03-27,29.25,2015 Rose Bowl Diving Invitational
Max Valasek,M,23,32577,201C,1 meter,1,2014-08-04,31.5,2014 USA DIVING JUNIOR NATIONAL DIVING CHAMPIONSHIPS
Max Valasek,M,23,32577,201C,1 meter,1,2014-07-10,30.75,2014 USA Diving Summer Junior Zone E Championships
Max Valasek,M,23,32577,201C,1 meter,1,2014-06-13,31.5,2014 USA Diving Summer Junior Region 9 Championships
Max Valasek,M,23,32577,201C,1 meter,1,2014-04-25,27.75,2014 USA Diving Junior West National Championships
Max Valasek,M,23,32577,201C,1 meter,1,2014-03-07,29.25,2014 USA Diving Spring Junior Region 10 Championships
Max Valasek,M,23,32577,201C,1 meter,1,2014-02-15,24.75,2014 Rose Bowl Invitational
Max Valasek,M,23,32577,201C,1 meter,1,2013-12-13,24.75,2013 Chris Vonk Memorial Diving Invitational
Max Valasek,M,23,32577,201C,1 meter,1,2013-07-11,29.25,2013 USA Diving Summer Junior Zone E Championships
Max Valasek,M,23,32577,201C,1 meter,1,2013-06-07,26.25,2013 USA Diving Summer Junior Region 10 Championships
Max Valasek,M,23,32577,201C,1 meter,1,2013-05-24,30.75,Greg Louganis Southern California Invitational
Max Valasek,M,23,32577,201C,1 meter,1,2013-03-16,21.75,2013 USA Diving Spring Junior Region 9 Championships
Max Valasek,M,23,32577,201C,1 meter,1,2012-08-01,26.25,2012 USA DIVING Age Group National Championships
Max Valasek,M,23,32577,201C,1 meter,1,2012-07-12,25.5,2012 USA Diving Summer Junior Zone E Championships
Max Valasek,M,23,32577,201C,1 meter,1,2012-06-08,29.25,2012 USA Diving Summer Junior Region 10 Championships
Max Valasek,M,23,32577,201C,1 meter,1,2012-01-28,25.5,SPA Championships
Max Valasek,M,23,32577,201C,1 meter,1,2011-07-07,24.0,2011 USA Diving Summer Junior Zone E Championships
Max Valasek,M,23,32577,201C,1 meter,1,2011-06-17,20.25,2011 USA Diving Summer Junior Region 9 Championships
Max Valasek,M,23,32577,203B,1 meter,1,2019-07-30,23.0,2019 USA Diving Junior National Championships
Max Valasek,M,23,32577,203B,1 meter,1,2019-06-14,28.75,2019 USA Diving Zone E Championships
Max Valasek,M,23,32577,203B,1 meter,1,2018-07-29,32.2,2018 USA Diving Junior National Championships
Max Valasek,M,23,32577,203B,1 meter,1,2018-06-28,48.3,2018 USA Diving Zone E Championships
Max Valasek,M,23,32577,203B,1 meter,1,2018-05-18,29.9,2018 CIF State Swimming and Diving Championships
Max Valasek,M,23,32577,203B,1 meter,1,2018-05-11,42.55,CIF Central Coast Section 2018 Diving Championship
Max Valasek,M,23,32577,203B,1 meter,1,2018-04-27,21.85,2018 USA Diving Junior Region 10 Championships
Max Valasek,M,23,32577,203B,1 meter,1,2018-04-14,46.0,Capital Pre Region Invitational
Max Valasek,M,23,32577,203B,1 meter,1,2018-03-08,39.1,2018 Texas All Star Challenge
Max Valasek,M,23,32577,203B,1 meter,1,2017-07-29,41.4,2017 USA Diving National Diving Championships
Max Valasek,M,23,32577,203B,1 meter,1,2017-07-05,43.7,2017 USA Diving National Preliminary Zone E Championships
Max Valasek,M,23,32577,203B,1 meter,1,2017-04-21,47.15,2017 USA Diving Junior Region 10 Championships
Max Valasek,M,23,32577,203B,1 meter,1,2017-04-01,44.85,Capital Pre Region Invitational
Max Valasek,M,23,32577,203B,1 meter,1,2016-08-01,32.2,2016 USA Diving ATT National Diving Championships
Max Valasek,M,23,32577,203B,1 meter,1,2016-07-07,41.4,2016 USA Diving National Zone F Meet
Max Valasek,M,23,32577,203C,1 meter,1,2019-05-03,42.0,CIF Central Coast Section 2019 Diving Championship
Max Valasek,M,23,32577,203C,1 meter,1,2019-04-26,33.0,2019 USA Diving Junior Region 10 Championships
Max Valasek,M,23,32577,203C,1 meter,1,2016-04-29,36.0,2016 USA Diving Junior Region 12 Championships
Max Valasek,M,23,32577,203C,1 meter,1,2015-08-01,27.0,2015 USA Diving ATT National Diving Championships
Max Valasek,M,23,32577,203C,1 meter,1,2015-06-11,40.0,2015 USA Diving National Preliminary Zone F Championships
Max Valasek,M,23,32577,203C,1 meter,1,2015-05-02,36.0,2015 USA Diving Junior Region 12 Championships
Max Valasek,M,23,32577,203C,1 meter,1,2015-03-27,30.0,2015 Rose Bowl Diving Invitational
Max Valasek,M,23,32577,203C,1 meter,1,2014-08-04,39.0,2014 USA DIVING JUNIOR NATIONAL DIVING CHAMPIONSHIPS
Max Valasek,M,23,32577,203C,1 meter,1,2014-07-10,35.0,2014 USA Diving Summer Junior Zone E Championships
Max Valasek,M,23,32577,203C,1 meter,1,2014-06-13,42.0,2014 USA Diving Summer Junior Region 9 Championships
Max Valasek,M,23,32577,203C,1 meter,1,2014-04-25,30.0,2014 USA Diving Junior West National Championships
Max Valasek,M,23,32577,203C,1 meter,1,2014-03-07,24.0,2014 USA Diving Spring Junior Region 10 Championships
Max Valasek,M,23,32577,203C,1 meter,1,2014-02-15,26.0,2014 Rose Bowl Invitational
Max Valasek,M,23,32577,203C,1 meter,1,2013-12-13,24.0,2013 Chris Vonk Memorial Diving Invitational
Max Valasek,M,23,32577,203C,1 meter,1,2013-07-11,30.0,2013 USA Diving Summer Junior Zone E Championships
Max Valasek,M,23,32577,203C,1 meter,1,2013-06-07,30.0,2013 USA Diving Summer Junior Region 10 Championships
Max Valasek,M,23,32577,203C,1 meter,1,2013-05-24,21.0,Greg Louganis Southern California Invitational
Max Valasek,M,23,32577,301B,1 meter,1,2019-07-30,36.55,2019 USA Diving Junior National Championships
Max Valasek,M,23,32577,301B,1 meter,1,2019-06-14,35.7,2019 USA Diving Zone E Championships
Max Valasek,M,23,32577,301B,1 meter,1,2019-05-03,38.25,CIF Central Coast Section 2019 Diving Championship
Max Valasek,M,23,32577,301B,1 meter,1,2019-04-26,35.7,2019 USA Diving Junior Region 10 Championships
Max Valasek,M,23,32577,301B,1 meter,1,2018-07-29,27.2,2018 USA Diving Junior National Championships
Max Valasek,M,23,32577,301B,1 meter,1,2018-06-28,37.4,2018 USA Diving Zone E Championships
Max Valasek,M,23,32577,301B,1 meter,1,2018-05-11,44.2,CIF Central Coast Section 2018 Diving Championship
Max Valasek,M,23,32577,301B,1 meter,1,2018-04-27,26.35,2018 USA Diving Junior Region 10 Championships
Max Valasek,M,23,32577,301B,1 meter,1,2018-04-14,32.3,Capital Pre Region Invitational
Max Valasek,M,23,32577,301B,1 meter,1,2018-03-08,30.6,2018 Texas All Star Challenge
Max Valasek,M,23,32577,301B,1 meter,1,2017-07-29,32.3,2017 USA Diving National Diving Championships
Max Valasek,M,23,32577,301B,1 meter,1,2017-07-05,22.95,2017 USA Diving National Preliminary Zone E Championships
Max Valasek,M,23,32577,301B,1 meter,1,2017-04-21,34.0,2017 USA Diving Junior Region 10 Championships
Max Valasek,M,23,32577,301B,1 meter,1,2017-04-01,35.7,Capital Pre Region Invitational
Max Valasek,M,23,32577,301B,1 meter,1,2016-08-01,28.05,2016 USA Diving ATT National Diving Championships
Max Valasek,M,23,32577,301B,1 meter,1,2016-07-07,29.75,2016 USA Diving National Zone F Meet
Max Valasek,M,23,32577,301B,1 meter,1,2016-04-29,28.9,2016 USA Diving Junior Region 12 Championships
Max Valasek,M,23,32577,301C,1 meter,1,2015-08-01,23.2,2015 USA Diving ATT National Diving Championships
Max Valasek,M,23,32577,301C,1 meter,1,2015-06-11,30.4,2015 USA Diving National Preliminary Zone F Championships
Max Valasek,M,23,32577,301C,1 meter,1,2015-05-02,29.6,2015 USA Diving Junior Region 12 Championships
Max Valasek,M,23,32577,301C,1 meter,1,2015-03-27,31.2,2015 Rose Bowl Diving Invitational
Max Valasek,M,23,32577,301C,1 meter,1,2014-12-05,31.2,2014 Chris Vonk Memorial Diving Invitational
Max Valasek,M,23,32577,301C,1 meter,1,2014-08-04,23.2,2014 USA DIVING JUNIOR NATIONAL DIVING CHAMPIONSHIPS
Max Valasek,M,23,32577,301C,1 meter,1,2014-07-10,26.4,2014 USA Diving Summer Junior Zone E Championships
Max Valasek,M,23,32577,301C,1 meter,1,2014-06-13,21.6,2014 USA Diving Summer Junior Region 9 Championships
Max Valasek,M,23,32577,301C,1 meter,1,2014-04-25,33.6,2014 USA Diving Junior West National Championships
Max Valasek,M,23,32577,301C,1 meter,1,2014-03-07,28.0,2014 USA Diving Spring Junior Region 10 Championships
Max Valasek,M,23,32577,301C,1 meter,1,2014-02-15,28.8,2014 Rose Bowl Invitational
Max Valasek,M,23,32577,301C,1 meter,1,2013-12-13,29.6,2013 Chris Vonk Memorial Diving Invitational
Max Valasek,M,23,32577,301C,1 meter,1,2013-07-11,19.2,2013 USA Diving Summer Junior Zone E Championships
Max Valasek,M,23,32577,301C,1 meter,1,2013-06-07,33.6,2013 USA Diving Summer Junior Region 10 Championships
Max Valasek,M,23,32577,301C,1 meter,1,2013-05-24,20.0,Greg Louganis Southern California Invitational
Max Valasek,M,23,32577,301C,1 meter,1,2013-03-16,25.6,2013 USA Diving Spring Junior Region 9 Championships
Max Valasek,M,23,32577,301C,1 meter,1,2012-01-28,19.2,SPA Championships
Max Valasek,M,23,32577,301C,1 meter,1,2011-07-07,19.2,2011 USA Diving Summer Junior Zone E Championships
Max Valasek,M,23,32577,301C,1 meter,1,2011-06-17,25.6,2011 USA Diving Summer Junior Region 9 Championships
Max Valasek,M,23,32577,302C,1 meter,1,2013-03-16,27.2,2013 USA Diving Spring Junior Region 9 Championships
Max Valasek,M,23,32577,302C,1 meter,1,2011-07-07,25.6,2011 USA Diving Summer Junior Zone E Championships
Max Valasek,M,23,32577,302C,1 meter,1,2011-06-17,22.4,2011 USA Diving Summer Junior Region 9 Championships
Max Valasek,M,23,32577,303C,1 meter,1,2019-07-30,42.0,2019 USA Diving Junior National Championships
Max Valasek,M,23,32577,303C,1 meter,1,2019-06-14,37.8,2019 USA Diving Zone E Championships
Max Valasek,M,23,32577,303C,1 meter,1,2019-05-03,44.1,CIF Central Coast Section 2019 Diving Championship
Max Valasek,M,23,32577,303C,1 meter,1,2019-04-26,40.95,2019 USA Diving Junior Region 10 Championships
Max Valasek,M,23,32577,303C,1 meter,1,2018-07-29,22.05,2018 USA Diving Junior National Championships
Max Valasek,M,23,32577,303C,1 meter,1,2018-06-28,44.1,2018 USA Diving Zone E Championships
Max Valasek,M,23,32577,303C,1 meter,1,2018-05-18,34.65,2018 CIF State Swimming and Diving Championships
Max Valasek,M,23,32577,303C,1 meter,1,2018-05-11,48.3,CIF Central Coast Section 2018 Diving Championship
Max Valasek,M,23,32577,303C,1 meter,1,2018-04-27,27.3,2018 USA Diving Junior Region 10 Championships
Max Valasek,M,23,32577,303C,1 meter,1,2018-04-14,46.2,Capital Pre Region Invitational
Max Valasek,M,23,32577,303C,1 meter,1,2018-03-08,35.7,2018 Texas All Star Challenge
Max Valasek,M,23,32577,303C,1 meter,1,2017-07-29,34.65,2017 USA Diving National Diving Championships
Max Valasek,M,23,32577,303C,1 meter,1,2017-07-05,42.0,2017 USA Diving National Preliminary Zone E Championships
Max Valasek,M,23,32577,303C,1 meter,1,2017-04-21,40.95,2017 USA Diving Junior Region 10 Championships
Max Valasek,M,23,32577,303C,1 meter,1,2017-04-01,33.6,Capital Pre Region Invitational
Max Valasek,M,23,32577,303C,1 meter,1,2016-08-01,35.7,2016 USA Diving ATT National Diving Championships
Max Valasek,M,23,32577,303C,1 meter,1,2016-07-07,34.65,2016 USA Diving National Zone F Meet
Max Valasek,M,23,32577,303C,1 meter,1,2016-04-29,31.5,2016 USA Diving Junior Region 12 Championships
Max Valasek,M,23,32577,303C,1 meter,1,2015-08-01,29.4,2015 USA Diving ATT National Diving Championships
Max Valasek,M,23,32577,303C,1 meter,1,2015-06-11,37.8,2015 USA Diving National Preliminary Zone F Championships
Max Valasek,M,23,32577,303C,1 meter,1,2015-05-02,27.3,2015 USA Diving Junior Region 12 Championships
Max Valasek,M,23,32577,401B,1 meter,1,2019-07-30,32.25,2019 USA Diving Junior National Championships
Max Valasek,M,23,32577,401B,1 meter,1,2019-06-14,30.0,2019 USA Diving Zone E Championships
Max Valasek,M,23,32577,401B,1 meter,1,2019-05-03,34.5,CIF Central Coast Section 2019 Diving Championship
Max Valasek,M,23,32577,401B,1 meter,1,2019-04-26,35.25,2019 USA Diving Junior Region 10 Championships
Max Valasek,M,23,32577,401B,1 meter,1,2018-07-29,32.25,2018 USA Diving Junior National Championships
Max Valasek,M,23,32577,401B,1 meter,1,2018-06-28,32.25,2018 USA Diving Zone E Championships
Max Valasek,M,23,32577,401B,1 meter,1,2018-05-11,38.25,CIF Central Coast Section 2018 Diving Championship
Max Valasek,M,23,32577,401B,1 meter,1,2018-04-27,30.0,2018 USA Diving Junior Region 10 Championships
Max Valasek,M,23,32577,401B,1 meter,1,2018-04-14,33.0,Capital Pre Region Invitational
Max Valasek,M,23,32577,401B,1 meter,1,2018-03-08,31.5,2018 Texas All Star Challenge
Max Valasek,M,23,32577,401B,1 meter,1,2017-07-29,26.25,2017 USA Diving National Diving Championships
Max Valasek,M,23,32577,401B,1 meter,1,2017-07-05,30.0,2017 USA Diving National Preliminary Zone E Championships
Max Valasek,M,23,32577,401B,1 meter,1,2017-04-21,30.0,2017 USA Diving Junior Region 10 Championships
Max Valasek,M,23,32577,401B,1 meter,1,2017-04-01,31.5,Capital Pre Region Invitational
Max Valasek,M,23,32577,401B,1 meter,1,2016-08-01,27.0,2016 USA Diving ATT National Diving Championships
Max Valasek,M,23,32577,401B,1 meter,1,2016-07-07,33.75,2016 USA Diving National Zone F Meet
Max Valasek,M,23,32577,401B,1 meter,1,2016-04-29,28.5,2016 USA Diving Junior Region 12 Championships
Max Valasek,M,23,32577,401B,1 meter,1,2015-08-01,24.0,2015 USA Diving ATT National Diving Championships
Max Valasek,M,23,32577,401B,1 meter,1,2015-06-11,27.0,2015 USA Diving National Preliminary Zone F Championships
Max Valasek,M,23,32577,401B,1 meter,1,2015-05-02,27.75,2015 USA Diving Junior Region 12 Championships
Max Valasek,M,23,32577,401B,1 meter,1,2015-03-27,31.5,2015 Rose Bowl Diving Invitational
Max Valasek,M,23,32577,401B,1 meter,1,2014-12-05,27.0,2014 Chris Vonk Memorial Diving Invitational
Max Valasek,M,23,32577,401B,1 meter,1,2014-08-04,23.25,2014 USA DIVING JUNIOR NATIONAL DIVING CHAMPIONSHIPS
Max Valasek,M,23,32577,401B,1 meter,1,2014-07-10,27.0,2014 USA Diving Summer Junior Zone E Championships
Max Valasek,M,23,32577,401B,1 meter,1,2014-06-13,21.75,2014 USA Diving Summer Junior Region 9 Championships
Max Valasek,M,23,32577,401B,1 meter,1,2014-04-25,28.5,2014 USA Diving Junior West National Championships
Max Valasek,M,23,32577,401B,1 meter,1,2014-03-07,24.75,2014 USA Diving Spring Junior Region 10 Championships
Max Valasek,M,23,32577,401B,1 meter,1,2014-02-15,27.0,2014 Rose Bowl Invitational
Max Valasek,M,23,32577,401B,1 meter,1,2013-12-13,24.0,2013 Chris Vonk Memorial Diving Invitational
Max Valasek,M,23,32577,401B,1 meter,1,2013-07-11,24.75,2013 USA Diving Summer Junior Zone E Championships
Max Valasek,M,23,32577,401B,1 meter,1,2013-06-07,24.0,2013 USA Diving Summer Junior Region 10 Championships
Max Valasek,M,23,32577,401B,1 meter,1,2013-05-24,26.25,Greg Louganis Southern California Invitational
Max Valasek,M,23,32577,401B,1 meter,1,2013-03-16,24.75,2013 USA Diving Spring Junior Region 9 Championships
Max Valasek,M,23,32577,401B,1 meter,1,2012-08-01,27.75,2012 USA DIVING Age Group National Championships
Max Valasek,M,23,32577,401B,1 meter,1,2012-07-12,18.0,2012 USA Diving Summer Junior Zone E Championships
Max Valasek,M,23,32577,401B,1 meter,1,2012-06-08,27.0,2012 USA Diving Summer Junior Region 10 Championships
Max Valasek,M,23,32577,401B,1 meter,1,2012-01-28,25.5,SPA Championships
Max Valasek,M,23,32577,401C,1 meter,1,2011-07-07,20.3,2011 USA Diving Summer Junior Zone E Championships
Max Valasek,M,23,32577,401C,1 meter,1,2011-06-17,23.8,2011 USA Diving Summer Junior Region 9 Championships
Max Valasek,M,23,32577,402C,1 meter,1,2013-03-16,24.0,2013 USA Diving Spring Junior Region 9 Championships
Max Valasek,M,23,32577,402C,1 meter,1,2012-08-01,25.6,2012 USA DIVING Age Group National Championships
Max Valasek,M,23,32577,402C,1 meter,1,2012-07-12,24.0,2012 USA Diving Summer Junior Zone E Championships
Max Valasek,M,23,32577,402C,1 meter,1,2012-06-08,28.0,2012 USA Diving Summer Junior Region 10 Championships
Max Valasek,M,23,32577,402C,1 meter,1,2012-01-28,16.8,SPA Championships
Max Valasek,M,23,32577,403B,1 meter,1,2019-07-30,46.8,2019 USA Diving Junior National Championships
Max Valasek,M,23,32577,403B,1 meter,1,2019-06-14,50.4,2019 USA Diving Zone E Championships
Max Valasek,M,23,32577,403B,1 meter,1,2019-05-03,56.4,CIF Central Coast Section 2019 Diving Championship
Max Valasek,M,23,32577,403B,1 meter,1,2019-04-26,45.6,2019 USA Diving Junior Region 10 Championships
Max Valasek,M,23,32577,403B,1 meter,1,2018-07-29,48.0,2018 USA Diving Junior National Championships
Max Valasek,M,23,32577,403B,1 meter,1,2018-06-28,50.4,2018 USA Diving Zone E Championships
Max Valasek,M,23,32577,403B,1 meter,1,2018-05-11,52.8,CIF Central Coast Section 2018 Diving Championship
Max Valasek,M,23,32577,403B,1 meter,1,2018-04-27,48.0,2018 USA Diving Junior Region 10 Championships
Max Valasek,M,23,32577,403B,1 meter,1,2018-04-14,48.0,Capital Pre Region Invitational
Max Valasek,M,23,32577,403B,1 meter,1,2018-03-08,48.0,2018 Texas All Star Challenge
Max Valasek,M,23,32577,403C,1 meter,1,2017-07-29,41.8,2017 USA Diving National Diving Championships
Max Valasek,M,23,32577,403C,1 meter,1,2017-07-05,42.9,2017 USA Diving National Preliminary Zone E Championships
Max Valasek,M,23,32577,403C,1 meter,1,2017-04-21,44.0,2017 USA Diving Junior Region 10 Championships
Max Valasek,M,23,32577,403C,1 meter,1,2017-04-01,42.9,Capital Pre Region Invitational
Max Valasek,M,23,32577,403C,1 meter,1,2016-08-01,37.4,2016 USA Diving ATT National Diving Championships
Max Valasek,M,23,32577,403C,1 meter,1,2016-07-07,42.9,2016 USA Diving National Zone F Meet
Max Valasek,M,23,32577,403C,1 meter,1,2016-04-29,38.5,2016 USA Diving Junior Region 12 Championships
Max Valasek,M,23,32577,403C,1 meter,1,2015-08-01,27.5,2015 USA Diving ATT National Diving Championships
Max Valasek,M,23,32577,403C,1 meter,1,2015-06-11,33.0,2015 USA Diving National Preliminary Zone F Championships
Max Valasek,M,23,32577,403C,1 meter,1,2015-05-02,36.3,2015 USA Diving Junior Region 12 Championships
Max Valasek,M,23,32577,403C,1 meter,1,2015-03-27,38.5,2015 Rose Bowl Diving Invitational
Max Valasek,M,23,32577,403C,1 meter,1,2014-12-05,36.3,2014 Chris Vonk Memorial Diving Invitational
Max Valasek,M,23,32577,403C,1 meter,1,2014-08-04,35.2,2014 USA DIVING JUNIOR NATIONAL DIVING CHAMPIONSHIPS
Max Valasek,M,23,32577,403C,1 meter,1,2014-07-10,33.0,2014 USA Diving Summer Junior Zone E Championships
Max Valasek,M,23,32577,403C,1 meter,1,2014-06-13,33.0,2014 USA Diving Summer Junior Region 9 Championships
Max Valasek,M,23,32577,403C,1 meter,1,2014-04-25,30.8,2014 USA Diving Junior West National Championships
Max Valasek,M,23,32577,403C,1 meter,1,2014-03-07,35.2,2014 USA Diving Spring Junior Region 10 Championships
Max Valasek,M,23,32577,403C,1 meter,1,2014-02-15,36.3,2014 Rose Bowl Invitational
Max Valasek,M,23,32577,403C,1 meter,1,2013-12-13,31.9,2013 Chris Vonk Memorial Diving Invitational
Max Valasek,M,23,32577,403C,1 meter,1,2013-07-11,29.7,2013 USA Diving Summer Junior Zone E Championships
Max Valasek,M,23,32577,403C,1 meter,1,2013-06-07,34.1,2013 USA Diving Summer Junior Region 10 Championships
Max Valasek,M,23,32577,403C,1 meter,1,2013-05-24,26.4,Greg Louganis Southern California Invitational
Max Valasek,M,23,32577,404C,1 meter,1,2019-07-30,49.0,2019 USA Diving Junior National Championships
Max Valasek,M,23,32577,404C,1 meter,1,2019-06-14,53.2,2019 USA Diving Zone E Championships
Max Valasek,M,23,32577,404C,1 meter,1,2019-05-03,57.4,CIF Central Coast Section 2019 Diving Championship
Max Valasek,M,23,32577,404C,1 meter,1,2019-04-26,46.2,2019 USA Diving Junior Region 10 Championships
Max Valasek,M,23,32577,404C,1 meter,1,2018-07-29,44.8,2018 USA Diving Junior National Championships
Max Valasek,M,23,32577,404C,1 meter,1,2018-06-28,44.8,2018 USA Diving Zone E Championships
Max Valasek,M,23,32577,404C,1 meter,1,2018-05-11,64.4,CIF Central Coast Section 2018 Diving Championship
Max Valasek,M,23,32577,404C,1 meter,1,2018-04-27,47.6,2018 USA Diving Junior Region 10 Championships
Max Valasek,M,23,32577,404C,1 meter,1,2018-04-14,49.0,Capital Pre Region Invitational
Max Valasek,M,23,32577,5132D,1 meter,1,2018-06-28,38.5,2018 USA Diving Zone E Championships
Max Valasek,M,23,32577,5132D,1 meter,1,2018-05-11,42.9,CIF Central Coast Section 2018 Diving Championship
Max Valasek,M,23,32577,5132D,1 meter,1,2018-04-27,33.0,2018 USA Diving Junior Region 10 Championships
Max Valasek,M,23,32577,5132D,1 meter,1,2018-04-14,42.9,Capital Pre Region Invitational
Max Valasek,M,23,32577,5132D,1 meter,1,2018-03-08,35.2,2018 Texas All Star Challenge
Max Valasek,M,23,32577,5132D,1 meter,1,2017-07-29,39.6,2017 USA Diving National Diving Championships
Max Valasek,M,23,32577,5132D,1 meter,1,2017-07-05,39.6,2017 USA Diving National Preliminary Zone E Championships
Max Valasek,M,23,32577,5132D,1 meter,1,2017-04-21,41.8,2017 USA Diving Junior Region 10 Championships
Max Valasek,M,23,32577,5132D,1 meter,1,2017-04-01,22.0,Capital Pre Region Invitational
Max Valasek,M,23,32577,5221D,1 meter,1,2013-05-24,22.1,Greg Louganis Southern California Invitational
Max Valasek,M,23,32577,5221D,1 meter,1,2013-03-16,23.8,2013 USA Diving Spring Junior Region 9 Championships
Max Valasek,M,23,32577,5221D,1 meter,1,2012-08-01,28.05,2012 USA DIVING Age Group National Championships
Max Valasek,M,23,32577,5221D,1 meter,1,2012-07-12,17.85,2012 USA Diving Summer Junior Zone E Championships
Max Valasek,M,23,32577,5221D,1 meter,1,2012-06-08,32.3,2012 USA Diving Summer Junior Region 10 Championships
Max Valasek,M,23,32577,5223D,1 meter,1,2015-03-27,32.2,2015 Rose Bowl Diving Invitational
Max Valasek,M,23,32577,5223D,1 meter,1,2014-12-05,28.75,2014 Chris Vonk Memorial Diving Invitational
Max Valasek,M,23,32577,5223D,1 meter,1,2014-08-04,37.95,2014 USA DIVING JUNIOR NATIONAL DIVING CHAMPIONSHIPS
Max Valasek,M,23,32577,5223D,1 meter,1,2014-07-10,34.5,2014 USA Diving Summer Junior Zone E Championships
Max Valasek,M,23,32577,5223D,1 meter,1,2014-06-13,34.5,2014 USA Diving Summer Junior Region 9 Championships
Max Valasek,M,23,32577,5223D,1 meter,1,2014-04-25,31.05,2014 USA Diving Junior West National Championships
Max Valasek,M,23,32577,5223D,1 meter,1,2014-03-07,34.5,2014 USA Diving Spring Junior Region 10 Championships
Max Valasek,M,23,32577,5223D,1 meter,1,2014-02-15,35.65,2014 Rose Bowl Invitational
Max Valasek,M,23,32577,5223D,1 meter,1,2013-12-13,33.35,2013 Chris Vonk Memorial Diving Invitational
Max Valasek,M,23,32577,5223D,1 meter,1,2013-07-11,27.6,2013 USA Diving Summer Junior Zone E Championships
Max Valasek,M,23,32577,5223D,1 meter,1,2013-06-07,31.05,2013 USA Diving Summer Junior Region 10 Championships
Max Valasek,M,23,32577,5225D,1 meter,1,2014-12-05,47.25,2014 Chris Vonk Memorial Diving Invitational
Max Valasek,M,23,32577,5231D,1 meter,1,2019-07-30,39.9,2019 USA Diving Junior National Championships
Max Valasek,M,23,32577,5231D,1 meter,1,2019-06-14,34.65,2019 USA Diving Zone E Championships
Max Valasek,M,23,32577,5231D,1 meter,1,2019-05-03,44.1,CIF Central Coast Section 2019 Diving Championship
Max Valasek,M,23,32577,5231D,1 meter,1,2019-04-26,44.1,2019 USA Diving Junior Region 10 Championships
Max Valasek,M,23,32577,5231D,1 meter,1,2018-07-29,43.05,2018 USA Diving Junior National Championships
Max Valasek,M,23,32577,5231D,1 meter,1,2018-06-28,43.05,2018 USA Diving Zone E Championships
Max Valasek,M,23,32577,5231D,1 meter,1,2018-05-11,48.3,CIF Central Coast Section 2018 Diving Championship
Max Valasek,M,23,32577,5231D,1 meter,1,2018-04-27,39.9,2018 USA Diving Junior Region 10 Championships
Max Valasek,M,23,32577,5231D,1 meter,1,2018-04-14,42.0,Capital Pre Region Invitational
Max Valasek,M,23,32577,5231D,1 meter,1,2018-03-08,36.75,2018 Texas All Star Challenge
Max Valasek,M,23,32577,5231D,1 meter,1,2017-07-29,35.7,2017 USA Diving National Diving Championships
Max Valasek,M,23,32577,5231D,1 meter,1,2017-07-05,42.0,2017 USA Diving National Preliminary Zone E Championships
Max Valasek,M,23,32577,5231D,1 meter,1,2017-04-21,37.8,2017 USA Diving Junior Region 10 Championships
Max Valasek,M,23,32577,5231D,1 meter,1,2017-04-01,40.95,Capital Pre Region Invitational
Max Valasek,M,23,32577,5231D,1 meter,1,2016-08-01,32.55,2016 USA Diving ATT National Diving Championships
Max Valasek,M,23,32577,5231D,1 meter,1,2016-07-07,40.95,2016 USA Diving National Zone F Meet
Max Valasek,M,23,32577,5231D,1 meter,1,2016-04-29,38.85,2016 USA Diving Junior Region 12 Championships
Max Valasek,M,23,32577,5231D,1 meter,1,2015-08-01,30.45,2015 USA Diving ATT National Diving Championships
Max Valasek,M,23,32577,5231D,1 meter,1,2015-06-11,28.35,2015 USA Diving National Preliminary Zone F Championships
Max Valasek,M,23,32577,5231D,1 meter,1,2015-05-02,36.75,2015 USA Diving Junior Region 12 Championships
Max Valasek,M,23,32577,5231D,1 meter,1,2015-03-27,32.55,2015 Rose Bowl Diving Invitational
Max Valasek,M,23,32577,5233D,1 meter,1,2019-07-30,42.5,2019 USA Diving Junior National Championships
Max Valasek,M,23,32577,5233D,1 meter,1,2019-06-14,40.0,2019 USA Diving Zone E Championships
Max Valasek,M,23,32577,5233D,1 meter,1,2019-05-03,48.75,CIF Central Coast Section 2019 Diving Championship
Max Valasek,M,23,32577,5233D,1 meter,1,2019-04-26,45.0,2019 USA Diving Junior Region 10 Championships
Max Valasek,M,23,32577,5233D,1 meter,1,2018-07-29,42.5,2018 USA Diving Junior National Championships
Max Valasek,M,23,32577,5331D,1 meter,1,2018-03-08,38.5,2018 Texas All Star Challenge
Max Valasek,M,23,32577,5331D,1 meter,1,2017-07-29,23.1,2017 USA Diving National Diving Championships
Max Valasek,M,23,32577,5331D,1 meter,1,2017-07-05,33.0,2017 USA Diving National Preliminary Zone E Championships
Max Valasek,M,23,32577,5331D,1 meter,1,2017-04-21,35.2,2017 USA Diving Junior Region 10 Championships
Max Valasek,M,23,32577,5331D,1 meter,1,2017-04-01,29.7,Capital Pre Region Invitational
Max Valasek,M,23,32577,101B,3 meter,3,2018-11-10,33.75,Santa Clara Fall Diving Invitational
Max Valasek,M,23,32577,101B,3 meter,3,2013-03-16,27.75,2013 USA Diving Spring Junior Region 9 Championships
Max Valasek,M,23,32577,101B,3 meter,3,2012-06-08,36.0,2012 USA Diving Summer Junior Region 10 Championships
Max Valasek,M,23,32577,101C,3 meter,3,2012-01-28,18.9,SPA Championships
Max Valasek,M,23,32577,103B,3 meter,3,2019-07-30,33.6,2019 USA Diving Junior National Championships
Max Valasek,M,23,32577,103B,3 meter,3,2019-06-14,35.2,2019 USA Diving Zone E Championships
Max Valasek,M,23,32577,103B,3 meter,3,2019-04-26,32.8,2019 USA Diving Junior Region 10 Championships
Max Valasek,M,23,32577,103B,3 meter,3,2018-11-10,35.2,Santa Clara Fall Diving Invitational
Max Valasek,M,23,32577,103B,3 meter,3,2018-07-29,29.6,2018 USA Diving Junior National Championships
Max Valasek,M,23,32577,103B,3 meter,3,2018-06-28,36.0,2018 USA Diving Zone E Championships
Max Valasek,M,23,32577,103B,3 meter,3,2018-04-27,37.6,2018 USA Diving Junior Region 10 Championships
Max Valasek,M,23,32577,103B,3 meter,3,2018-04-14,34.4,Capital Pre Region Invitational
Max Valasek,M,23,32577,103B,3 meter,3,2017-07-29,30.4,2017 USA Diving National Diving Championships
Max Valasek,M,23,32577,103B,3 meter,3,2017-07-05,37.6,2017 USA Diving National Preliminary Zone E Championships
Max Valasek,M,23,32577,103B,3 meter,3,2017-04-21,35.2,2017 USA Diving Junior Region 10 Championships
Max Valasek,M,23,32577,103B,3 meter,3,2016-08-01,29.6,2016 USA Diving ATT National Diving Championships
Max Valasek,M,23,32577,103B,3 meter,3,2016-07-07,24.8,2016 USA Diving National Zone F Meet
Max Valasek,M,23,32577,103B,3 meter,3,2016-04-29,30.4,2016 USA Diving Junior Region 12 Championships
Max Valasek,M,23,32577,103B,3 meter,3,2015-08-01,28.8,2015 USA Diving ATT National Diving Championships
Max Valasek,M,23,32577,103B,3 meter,3,2015-06-11,26.4,2015 USA Diving National Preliminary Zone F Championships
Max Valasek,M,23,32577,103B,3 meter,3,2015-05-02,28.0,2015 USA Diving Junior Region 12 Championships
Max Valasek,M,23,32577,103B,3 meter,3,2015-03-27,28.8,2015 Rose Bowl Diving Invitational
Max Valasek,M,23,32577,103B,3 meter,3,2014-12-05,34.4,2014 Chris Vonk Memorial Diving Invitational
Max Valasek,M,23,32577,103B,3 meter,3,2014-08-04,33.6,2014 USA DIVING JUNIOR NATIONAL DIVING CHAMPIONSHIPS
Max Valasek,M,23,32577,103B,3 meter,3,2014-07-10,32.8,2014 USA Diving Summer Junior Zone E Championships
Max Valasek,M,23,32577,103B,3 meter,3,2014-06-13,30.4,2014 USA Diving Summer Junior Region 9 Championships
Max Valasek,M,23,32577,103B,3 meter,3,2014-04-25,29.6,2014 USA Diving Junior West National Championships
Max Valasek,M,23,32577,103B,3 meter,3,2014-03-07,36.0,2014 USA Diving Spring Junior Region 10 Championships
Max Valasek,M,23,32577,103B,3 meter,3,2014-02-15,31.2,2014 Rose Bowl Invitational
Max Valasek,M,23,32577,103B,3 meter,3,2013-12-13,33.6,2013 Chris Vonk Memorial Diving Invitational
Max Valasek,M,23,32577,103B,3 meter,3,2013-07-31,31.2,2013 USA DIVING Age Group National Championships
Max Valasek,M,23,32577,103B,3 meter,3,2013-07-11,28.8,2013 USA Diving Summer Junior Zone E Championships
Max Valasek,M,23,32577,103B,3 meter,3,2013-06-07,29.6,2013 USA Diving Summer Junior Region 10 Championships
Max Valasek,M,23,32577,103B,3 meter,3,2013-05-24,29.6,Greg Louganis Southern California Invitational
Max Valasek,M,23,32577,103B,3 meter,3,2013-03-16,27.2,2013 USA Diving Spring Junior Region 9 Championships
Max Valasek,M,23,32577,103B,3 meter,3,2012-08-01,28.8,2012 USA DIVING Age Group National Championships
Max Valasek,M,23,32577,103B,3 meter,3,2012-07-12,23.2,2012 USA Diving Summer Junior Zone E Championships
Max Valasek,M,23,32577,103B,3 meter,3,2012-06-08,23.2,2012 USA Diving Summer Junior Region 10 Championships
Max Valasek,M,23,32577,103C,3 meter,3,2012-01-28,24.75,SPA Championships
Max Valasek,M,23,32577,105B,3 meter,3,2019-07-30,34.8,2019 USA Diving Junior National Championships
Max Valasek,M,23,32577,105B,3 meter,3,2019-06-29,28.8,Santa Clara Diving Invitational
Max Valasek,M,23,32577,105B,3 meter,3,2019-06-14,48.0,2019 USA Diving Zone E Championships
Max Valasek,M,23,32577,105B,3 meter,3,2019-04-26,51.6,2019 USA Diving Junior Region 10 Championships
Max Valasek,M,23,32577,105B,3 meter,3,2018-11-10,54.0,Santa Clara Fall Diving Invitational
Max Valasek,M,23,32577,105B,3 meter,3,2018-07-29,44.4,2018 USA Diving Junior National Championships
Max Valasek,M,23,32577,105B,3 meter,3,2018-06-28,46.8,2018 USA Diving Zone E Championships
Max Valasek,M,23,32577,105B,3 meter,3,2018-06-16,45.6,Santa Clara Diving Invitational
Max Valasek,M,23,32577,105B,3 meter,3,2018-04-27,45.6,2018 USA Diving Junior Region 10 Championships
Max Valasek,M,23,32577,105B,3 meter,3,2018-04-14,51.6,Capital Pre Region Invitational
Max Valasek,M,23,32577,105B,3 meter,3,2018-03-08,50.4,2018 Texas All Star Challenge
Max Valasek,M,23,32577,105B,3 meter,3,2018-03-08,52.8,2018 Texas All Star Challenge
Max Valasek,M,23,32577,105B,3 meter,3,2017-07-29,49.2,2017 USA Diving National Diving Championships
Max Valasek,M,23,32577,105B,3 meter,3,2017-07-05,52.8,2017 USA Diving National Preliminary Zone E Championships
Max Valasek,M,23,32577,105B,3 meter,3,2017-04-21,43.2,2017 USA Diving Junior Region 10 Championships
Max Valasek,M,23,32577,105B,3 meter,3,2016-08-01,38.4,2016 USA Diving ATT National Diving Championships
Max Valasek,M,23,32577,105B,3 meter,3,2016-07-07,46.8,2016 USA Diving National Zone F Meet
Max Valasek,M,23,32577,105B,3 meter,3,2016-04-29,44.4,2016 USA Diving Junior Region 12 Championships
Max Valasek,M,23,32577,105B,3 meter,3,2015-08-01,42.0,2015 USA Diving ATT National Diving Championships
Max Valasek,M,23,32577,105B,3 meter,3,2015-06-11,50.4,2015 USA Diving National Preliminary Zone F Championships
Max Valasek,M,23,32577,105B,3 meter,3,2015-05-02,36.0,2015 USA Diving Junior Region 12 Championships
Max Valasek,M,23,32577,105B,3 meter,3,2015-03-27,42.0,2015 Rose Bowl Diving Invitational
Max Valasek,M,23,32577,105B,3 meter,3,2014-12-05,43.2,2014 Chris Vonk Memorial Diving Invitational
Max Valasek,M,23,32577,105C,3 meter,3,2014-08-04,34.1,2014 USA DIVING JUNIOR NATIONAL DIVING CHAMPIONSHIPS
Max Valasek,M,23,32577,105C,3 meter,3,2014-08-04,35.2,2014 USA DIVING JUNIOR NATIONAL DIVING CHAMPIONSHIPS
Max Valasek,M,23,32577,105C,3 meter,3,2014-07-10,28.6,2014 USA Diving Summer Junior Zone E Championships
Max Valasek,M,23,32577,105C,3 meter,3,2014-06-13,37.4,2014 USA Diving Summer Junior Region 9 Championships
Max Valasek,M,23,32577,105C,3 meter,3,2014-04-25,40.7,2014 USA Diving Junior West National Championships
Max Valasek,M,23,32577,105C,3 meter,3,2014-03-07,40.7,2014 USA Diving Spring Junior Region 10 Championships
Max Valasek,M,23,32577,105C,3 meter,3,2014-02-15,30.8,2014 Rose Bowl Invitational
Max Valasek,M,23,32577,105C,3 meter,3,2013-12-13,46.2,2013 Chris Vonk Memorial Diving Invitational
Max Valasek,M,23,32577,105C,3 meter,3,2013-07-31,44.0,2013 USA DIVING Age Group National Championships
Max Valasek,M,23,32577,105C,3 meter,3,2013-07-31,46.2,2013 USA DIVING Age Group National Championships
Max Valasek,M,23,32577,105C,3 meter,3,2013-07-11,34.1,2013 USA Diving Summer Junior Zone E Championships
Max Valasek,M,23,32577,105C,3 meter,3,2013-06-07,29.7,2013 USA Diving Summer Junior Region 10 Championships
Max Valasek,M,23,32577,105C,3 meter,3,2013-05-24,36.3,Greg Louganis Southern California Invitational
Max Valasek,M,23,32577,107C,3 meter,3,2019-07-30,49.0,2019 USA Diving Junior National Championships
Max Valasek,M,23,32577,107C,3 meter,3,2019-06-29,56.0,Santa Clara Diving Invitational
Max Valasek,M,23,32577,107C,3 meter,3,2019-06-14,47.6,2019 USA Diving Zone E Championships
Max Valasek,M,23,32577,107C,3 meter,3,2018-07-29,29.4,2018 USA Diving Junior National Championships
Max Valasek,M,23,32577,107C,3 meter,3,2018-06-28,42.0,2018 USA Diving Zone E Championships
Max Valasek,M,23,32577,107C,3 meter,3,2018-06-16,36.4,Santa Clara Diving Invitational
Max Valasek,M,23,32577,107C,3 meter,3,2018-04-27,26.6,2018 USA Diving Junior Region 10 Championships
Max Valasek,M,23,32577,107C,3 meter,3,2018-04-14,46.2,Capital Pre Region Invitational
Max Valasek,M,23,32577,201B,3 meter,3,2019-07-30,37.8,2019 USA Diving Junior National Championships
Max Valasek,M,23,32577,201B,3 meter,3,2019-06-14,40.5,2019 USA Diving Zone E Championships
Max Valasek,M,23,32577,201B,3 meter,3,2019-04-26,32.4,2019 USA Diving Junior Region 10 Championships
Max Valasek,M,23,32577,201B,3 meter,3,2018-11-10,37.8,Santa Clara Fall Diving Invitational
Max Valasek,M,23,32577,201B,3 meter,3,2018-07-29,33.3,2018 USA Diving Junior National Championships
Max Valasek,M,23,32577,201B,3 meter,3,2018-06-28,35.1,2018 USA Diving Zone E Championships
Max Valasek,M,23,32577,201B,3 meter,3,2018-04-27,35.1,2018 USA Diving Junior Region 10 Championships
Max Valasek,M,23,32577,201B,3 meter,3,2018-04-14,33.3,Capital Pre Region Invitational
Max Valasek,M,23,32577,201B,3 meter,3,2017-07-29,36.0,2017 USA Diving National Diving Championships
Max Valasek,M,23,32577,201B,3 meter,3,2017-07-05,36.0,2017 USA Diving National Preliminary Zone E Championships
Max Valasek,M,23,32577,201B,3 meter,3,2017-04-21,35.1,2017 USA Diving Junior Region 10 Championships
Max Valasek,M,23,32577,201C,3 meter,3,2016-08-01,29.75,2016 USA Diving ATT National Diving Championships
Max Valasek,M,23,32577,201C,3 meter,3,2016-07-07,30.6,2016 USA Diving National Zone F Meet
Max Valasek,M,23,32577,201C,3 meter,3,2016-04-29,27.2,2016 USA Diving Junior Region 12 Championships
Max Valasek,M,23,32577,201C,3 meter,3,2015-08-01,25.5,2015 USA Diving ATT National Diving Championships
Max Valasek,M,23,32577,201C,3 meter,3,2015-06-11,27.2,2015 USA Diving National Preliminary Zone F Championships
Max Valasek,M,23,32577,201C,3 meter,3,2015-05-02,30.6,2015 USA Diving Junior Region 12 Championships
Max Valasek,M,23,32577,201C,3 meter,3,2015-03-27,37.4,2015 Rose Bowl Diving Invitational
Max Valasek,M,23,32577,201C,3 meter,3,2014-12-05,28.9,2014 Chris Vonk Memorial Diving Invitational
Max Valasek,M,23,32577,201C,3 meter,3,2014-08-04,35.7,2014 USA DIVING JUNIOR NATIONAL DIVING CHAMPIONSHIPS
Max Valasek,M,23,32577,201C,3 meter,3,2014-07-10,34.85,2014 USA Diving Summer Junior Zone E Championships
Max Valasek,M,23,32577,201C,3 meter,3,2014-06-13,37.4,2014 USA Diving Summer Junior Region 9 Championships
Max Valasek,M,23,32577,201C,3 meter,3,2014-04-25,26.35,2014 USA Diving Junior West National Championships
Max Valasek,M,23,32577,201C,3 meter,3,2014-03-07,29.75,2014 USA Diving Spring Junior Region 10 Championships
Max Valasek,M,23,32577,201C,3 meter,3,2014-02-15,32.3,2014 Rose Bowl Invitational
Max Valasek,M,23,32577,201C,3 meter,3,2013-12-13,28.05,2013 Chris Vonk Memorial Diving Invitational
Max Valasek,M,23,32577,201C,3 meter,3,2013-07-31,27.2,2013 USA DIVING Age Group National Championships
Max Valasek,M,23,32577,201C,3 meter,3,2013-07-11,32.3,2013 USA Diving Summer Junior Zone E Championships
Max Valasek,M,23,32577,201C,3 meter,3,2013-06-07,29.75,2013 USA Diving Summer Junior Region 10 Championships
Max Valasek,M,23,32577,201C,3 meter,3,2013-05-24,26.35,Greg Louganis Southern California Invitational
Max Valasek,M,23,32577,201C,3 meter,3,2013-03-16,22.95,2013 USA Diving Spring Junior Region 9 Championships
Max Valasek,M,23,32577,201C,3 meter,3,2012-08-01,28.9,2012 USA DIVING Age Group National Championships
Max Valasek,M,23,32577,201C,3 meter,3,2012-07-12,28.9,2012 USA Diving Summer Junior Zone E Championships
Max Valasek,M,23,32577,201C,3 meter,3,2012-06-08,34.85,2012 USA Diving Summer Junior Region 10 Championships
Max Valasek,M,23,32577,201C,3 meter,3,2012-01-28,28.05,SPA Championships
Max Valasek,M,23,32577,203C,3 meter,3,2018-11-10,37.05,Santa Clara Fall Diving Invitational
Max Valasek,M,23,32577,203C,3 meter,3,2015-06-11,31.35,2015 USA Diving National Preliminary Zone F Championships
Max Valasek,M,23,32577,203C,3 meter,3,2015-05-02,34.2,2015 USA Diving Junior Region 12 Championships
Max Valasek,M,23,32577,203C,3 meter,3,2014-08-04,34.2,2014 USA DIVING JUNIOR NATIONAL DIVING CHAMPIONSHIPS
Max Valasek,M,23,32577,203C,3 meter,3,2014-08-04,32.3,2014 USA DIVING JUNIOR NATIONAL DIVING CHAMPIONSHIPS
Max Valasek,M,23,32577,203C,3 meter,3,2014-07-10,30.4,2014 USA Diving Summer Junior Zone E Championships
Max Valasek,M,23,32577,203C,3 meter,3,2014-06-13,40.85,2014 USA Diving Summer Junior Region 9 Championships
Max Valasek,M,23,32577,203C,3 meter,3,2014-04-25,41.8,2014 USA Diving Junior West National Championships
Max Valasek,M,23,32577,203C,3 meter,3,2014-03-07,32.3,2014 USA Diving Spring Junior Region 10 Championships
Max Valasek,M,23,32577,203C,3 meter,3,2014-02-15,35.15,2014 Rose Bowl Invitational
Max Valasek,M,23,32577,203C,3 meter,3,2013-12-13,27.55,2013 Chris Vonk Memorial Diving Invitational
Max Valasek,M,23,32577,203C,3 meter,3,2013-07-31,33.25,2013 USA DIVING Age Group National Championships
Max Valasek,M,23,32577,203C,3 meter,3,2013-07-31,19.95,2013 USA DIVING Age Group National Championships
Max Valasek,M,23,32577,203C,3 meter,3,2013-07-11,23.75,2013 USA Diving Summer Junior Zone E Championships
Max Valasek,M,23,32577,203C,3 meter,3,2013-06-07,36.1,2013 USA Diving Summer Junior Region 10 Championships
Max Valasek,M,23,32577,203C,3 meter,3,2013-05-24,15.2,Greg Louganis Southern California Invitational
Max Valasek,M,23,32577,203C,3 meter,3,2012-08-01,19.0,2012 USA DIVING Age Group National Championships
Max Valasek,M,23,32577,203C,3 meter,3,2012-08-01,21.85,2012 USA DIVING Age Group National Championships
Max Valasek,M,23,32577,203C,3 meter,3,2012-07-12,12.35,2012 USA Diving Summer Junior Zone E Championships
Max Valasek,M,23,32577,205C,3 meter,3,2019-07-30,23.8,2019 USA Diving Junior National Championships
Max Valasek,M,23,32577,205C,3 meter,3,2019-06-29,36.4,Santa Clara Diving Invitational
Max Valasek,M,23,32577,205C,3 meter,3,2019-06-14,49.0,2019 USA Diving Zone E Championships
Max Valasek,M,23,32577,205C,3 meter,3,2019-04-26,33.6,2019 USA Diving Junior Region 10 Championships
Max Valasek,M,23,32577,205C,3 meter,3,2018-07-29,46.2,2018 USA Diving Junior National Championships
Max Valasek,M,23,32577,205C,3 meter,3,2018-06-28,54.6,2018 USA Diving Zone E Championships
Max Valasek,M,23,32577,205C,3 meter,3,2018-06-16,39.2,Santa Clara Diving Invitational
Max Valasek,M,23,32577,205C,3 meter,3,2018-04-27,53.2,2018 USA Diving Junior Region 10 Championships
Max Valasek,M,23,32577,205C,3 meter,3,2018-04-14,43.4,Capital Pre Region Invitational
Max Valasek,M,23,32577,205C,3 meter,3,2018-03-08,40.6,2018 Texas All Star Challenge
Max Valasek,M,23,32577,205C,3 meter,3,2018-03-08,39.2,2018 Texas All Star Challenge
Max Valasek,M,23,32577,205C,3 meter,3,2017-07-29,53.2,2017 USA Diving National Diving Championships
Max Valasek,M,23,32577,205C,3 meter,3,2017-07-05,47.6,2017 USA Diving National Preliminary Zone E Championships
Max Valasek,M,23,32577,205C,3 meter,3,2017-04-21,51.8,2017 USA Diving Junior Region 10 Championships
Max Valasek,M,23,32577,205C,3 meter,3,2016-08-01,49.0,2016 USA Diving ATT National Diving Championships
Max Valasek,M,23,32577,205C,3 meter,3,2016-07-07,58.8,2016 USA Diving National Zone F Meet
Max Valasek,M,23,32577,205C,3 meter,3,2016-04-29,33.6,2016 USA Diving Junior Region 12 Championships
Max Valasek,M,23,32577,205C,3 meter,3,2015-08-01,42.0,2015 USA Diving ATT National Diving Championships
Max Valasek,M,23,32577,205C,3 meter,3,2015-03-27,22.4,2015 Rose Bowl Diving Invitational
Max Valasek,M,23,32577,301B,3 meter,3,2019-07-30,30.4,2019 USA Diving Junior National Championships
Max Valasek,M,23,32577,301B,3 meter,3,2019-06-14,40.85,2019 USA Diving Zone E Championships
Max Valasek,M,23,32577,301B,3 meter,3,2019-04-26,44.65,2019 USA Diving Junior Region 10 Championships
Max Valasek,M,23,32577,301B,3 meter,3,2018-11-10,39.9,Santa Clara Fall Diving Invitational
Max Valasek,M,23,32577,301B,3 meter,3,2018-07-29,36.1,2018 USA Diving Junior National Championships
Max Valasek,M,23,32577,301B,3 meter,3,2018-06-28,38.0,2018 USA Diving Zone E Championships
Max Valasek,M,23,32577,301B,3 meter,3,2018-04-27,24.7,2018 USA Diving Junior Region 10 Championships
Max Valasek,M,23,32577,301B,3 meter,3,2018-04-14,32.3,Capital Pre Region Invitational
Max Valasek,M,23,32577,301B,3 meter,3,2017-07-29,33.25,2017 USA Diving National Diving Championships
Max Valasek,M,23,32577,301B,3 meter,3,2017-07-05,41.8,2017 USA Diving National Preliminary Zone E Championships
Max Valasek,M,23,32577,301B,3 meter,3,2017-04-21,32.3,2017 USA Diving Junior Region 10 Championships
Max Valasek,M,23,32577,301C,3 meter,3,2016-08-01,32.4,2016 USA Diving ATT National Diving Championships
Max Valasek,M,23,32577,301C,3 meter,3,2016-07-07,27.9,2016 USA Diving National Zone F Meet
Max Valasek,M,23,32577,301C,3 meter,3,2016-04-29,29.7,2016 USA Diving Junior Region 12 Championships
Max Valasek,M,23,32577,301C,3 meter,3,2015-08-01,28.8,2015 USA Diving ATT National Diving Championships
Max Valasek,M,23,32577,301C,3 meter,3,2015-06-11,35.1,2015 USA Diving National Preliminary Zone F Championships
Max Valasek,M,23,32577,301C,3 meter,3,2015-05-02,28.8,2015 USA Diving Junior Region 12 Championships
Max Valasek,M,23,32577,301C,3 meter,3,2015-03-27,36.9,2015 Rose Bowl Diving Invitational
Max Valasek,M,23,32577,301C,3 meter,3,2014-12-05,25.2,2014 Chris Vonk Memorial Diving Invitational
Max Valasek,M,23,32577,301C,3 meter,3,2014-08-04,39.6,2014 USA DIVING JUNIOR NATIONAL DIVING CHAMPIONSHIPS
Max Valasek,M,23,32577,301C,3 meter,3,2014-07-10,34.2,2014 USA Diving Summer Junior Zone E Championships
Max Valasek,M,23,32577,301C,3 meter,3,2014-06-13,41.4,2014 USA Diving Summer Junior Region 9 Championships
Max Valasek,M,23,32577,301C,3 meter,3,2014-04-25,35.1,2014 USA Diving Junior West National Championships
Max Valasek,M,23,32577,301C,3 meter,3,2014-03-07,29.7,2014 USA Diving Spring Junior Region 10 Championships
Max Valasek,M,23,32577,301C,3 meter,3,2014-02-15,36.9,2014 Rose Bowl Invitational
Max Valasek,M,23,32577,301C,3 meter,3,2013-12-13,30.6,2013 Chris Vonk Memorial Diving Invitational
Max Valasek,M,23,32577,301C,3 meter,3,2013-07-31,34.2,2013 USA DIVING Age Group National Championships
Max Valasek,M,23,32577,301C,3 meter,3,2013-07-11,32.4,2013 USA Diving Summer Junior Zone E Championships
Max Valasek,M,23,32577,301C,3 meter,3,2013-06-07,35.1,2013 USA Diving Summer Junior Region 10 Championships
Max Valasek,M,23,32577,301C,3 meter,3,2013-05-24,26.1,Greg Louganis Southern California Invitational
Max Valasek,M,23,32577,301C,3 meter,3,2013-03-16,34.2,2013 USA Diving Spring Junior Region 9 Championships
Max Valasek,M,23,32577,301C,3 meter,3,2012-01-28,28.8,SPA Championships
Max Valasek,M,23,32577,303C,3 meter,3,2018-11-10,34.0,Santa Clara Fall Diving Invitational
Max Valasek,M,23,32577,305C,3 meter,3,2019-07-30,50.4,2019 USA Diving Junior National Championships
Max Valasek,M,23,32577,305C,3 meter,3,2019-06-29,40.6,Santa Clara Diving Invitational
Max Valasek,M,23,32577,305C,3 meter,3,2019-06-14,32.2,2019 USA Diving Zone E Championships
Max Valasek,M,23,32577,305C,3 meter,3,2019-04-26,39.2,2019 USA Diving Junior Region 10 Championships
Max Valasek,M,23,32577,305C,3 meter,3,2018-07-29,30.8,2018 USA Diving Junior National Championships
Max Valasek,M,23,32577,305C,3 meter,3,2018-06-28,50.4,2018 USA Diving Zone E Championships
Max Valasek,M,23,32577,305C,3 meter,3,2018-06-16,37.8,Santa Clara Diving Invitational
Max Valasek,M,23,32577,305C,3 meter,3,2018-04-27,47.6,2018 USA Diving Junior Region 10 Championships
Max Valasek,M,23,32577,305C,3 meter,3,2018-04-14,53.2,Capital Pre Region Invitational
Max Valasek,M,23,32577,305C,3 meter,3,2018-03-08,58.8,2018 Texas All Star Challenge
Max Valasek,M,23,32577,305C,3 meter,3,2018-03-08,33.6,2018 Texas All Star Challenge
Max Valasek,M,23,32577,305C,3 meter,3,2017-07-29,33.6,2017 USA Diving National Diving Championships
Max Valasek,M,23,32577,305C,3 meter,3,2017-07-05,51.8,2017 USA Diving National Preliminary Zone E Championships
Max Valasek,M,23,32577,305C,3 meter,3,2017-04-21,28.0,2017 USA Diving Junior Region 10 Championships
Max Valasek,M,23,32577,401B,3 meter,3,2018-11-10,28.0,Santa Clara Fall Diving Invitational
Max Valasek,M,23,32577,401B,3 meter,3,2013-06-07,32.9,2013 USA Diving Summer Junior Region 10 Championships
Max Valasek,M,23,32577,401B,3 meter,3,2013-05-24,27.3,Greg Louganis Southern California Invitational
Max Valasek,M,23,32577,401B,3 meter,3,2013-03-16,16.8,2013 USA Diving Spring Junior Region 9 Championships
Max Valasek,M,23,32577,401B,3 meter,3,2012-08-01,22.4,2012 USA DIVING Age Group National Championships
Max Valasek,M,23,32577,401B,3 meter,3,2012-07-12,23.8,2012 USA Diving Summer Junior Zone E Championships
Max Valasek,M,23,32577,401B,3 meter,3,2012-06-08,25.2,2012 USA Diving Summer Junior Region 10 Championships
Max Valasek,M,23,32577,401B,3 meter,3,2012-01-28,20.3,SPA Championships
Max Valasek,M,23,32577,403B,3 meter,3,2019-07-30,39.9,2019 USA Diving Junior National Championships
Max Valasek,M,23,32577,403B,3 meter,3,2019-06-14,37.8,2019 USA Diving Zone E Championships
Max Valasek,M,23,32577,403B,3 meter,3,2019-04-26,39.9,2019 USA Diving Junior Region 10 Championships
Max Valasek,M,23,32577,403B,3 meter,3,2018-11-10,39.9,Santa Clara Fall Diving Invitational
Max Valasek,M,23,32577,403B,3 meter,3,2018-07-29,37.8,2018 USA Diving Junior National Championships
Max Valasek,M,23,32577,403B,3 meter,3,2018-06-28,42.0,2018 USA Diving Zone E Championships
Max Valasek,M,23,32577,403B,3 meter,3,2018-04-27,45.15,2018 USA Diving Junior Region 10 Championships
Max Valasek,M,23,32577,403B,3 meter,3,2018-04-14,40.95,Capital Pre Region Invitational
Max Valasek,M,23,32577,403B,3 meter,3,2017-07-29,35.7,2017 USA Diving National Diving Championships
Max Valasek,M,23,32577,403B,3 meter,3,2017-07-05,50.4,2017 USA Diving National Preliminary Zone E Championships
Max Valasek,M,23,32577,403C,3 meter,3,2017-04-21,35.15,2017 USA Diving Junior Region 10 Championships
Max Valasek,M,23,32577,403C,3 meter,3,2016-08-01,38.95,2016 USA Diving ATT National Diving Championships
Max Valasek,M,23,32577,403C,3 meter,3,2016-07-07,37.05,2016 USA Diving National Zone F Meet
Max Valasek,M,23,32577,403C,3 meter,3,2016-04-29,34.2,2016 USA Diving Junior Region 12 Championships
Max Valasek,M,23,32577,403C,3 meter,3,2015-08-01,36.1,2015 USA Diving ATT National Diving Championships
Max Valasek,M,23,32577,403C,3 meter,3,2015-06-11,34.2,2015 USA Diving National Preliminary Zone F Championships
Max Valasek,M,23,32577,403C,3 meter,3,2015-05-02,36.1,2015 USA Diving Junior Region 12 Championships
Max Valasek,M,23,32577,403C,3 meter,3,2015-03-27,31.35,2015 Rose Bowl Diving Invitational
Max Valasek,M,23,32577,403C,3 meter,3,2014-12-05,34.2,2014 Chris Vonk Memorial Diving Invitational
Max Valasek,M,23,32577,403C,3 meter,3,2014-08-04,28.5,2014 USA DIVING JUNIOR NATIONAL DIVING CHAMPIONSHIPS
Max Valasek,M,23,32577,403C,3 meter,3,2014-07-10,33.25,2014 USA Diving Summer Junior Zone E Championships
Max Valasek,M,23,32577,403C,3 meter,3,2014-06-13,41.8,2014 USA Diving Summer Junior Region 9 Championships
Max Valasek,M,23,32577,403C,3 meter,3,2014-04-25,33.25,2014 USA Diving Junior West National Championships
Max Valasek,M,23,32577,403C,3 meter,3,2014-03-07,36.1,2014 USA Diving Spring Junior Region 10 Championships
Max Valasek,M,23,32577,403C,3 meter,3,2014-02-15,35.15,2014 Rose Bowl Invitational
Max Valasek,M,23,32577,403C,3 meter,3,2013-12-13,35.15,2013 Chris Vonk Memorial Diving Invitational
Max Valasek,M,23,32577,403C,3 meter,3,2013-07-31,34.2,2013 USA DIVING Age Group National Championships
Max Valasek,M,23,32577,403C,3 meter,3,2013-07-11,33.25,2013 USA Diving Summer Junior Zone E Championships
Max Valasek,M,23,32577,403C,3 meter,3,2013-05-24,31.35,Greg Louganis Southern California Invitational
Max Valasek,M,23,32577,403C,3 meter,3,2013-03-16,23.75,2013 USA Diving Spring Junior Region 9 Championships
Max Valasek,M,23,32577,403C,3 meter,3,2012-08-01,30.4,2012 USA DIVING Age Group National Championships
Max Valasek,M,23,32577,403C,3 meter,3,2012-08-01,38.0,2012 USA DIVING Age Group National Championships
Max Valasek,M,23,32577,403C,3 meter,3,2012-07-12,22.8,2012 USA Diving Summer Junior Zone E Championships
Max Valasek,M,23,32577,403C,3 meter,3,2012-06-08,39.9,2012 USA Diving Summer Junior Region 10 Championships
Max Valasek,M,23,32577,403C,3 meter,3,2012-01-28,37.05,SPA Championships
Max Valasek,M,23,32577,404C,3 meter,3,2016-08-01,20.4,2016 USA Diving ATT National Diving Championships
Max Valasek,M,23,32577,404C,3 meter,3,2016-07-07,40.8,2016 USA Diving National Zone F Meet
Max Valasek,M,23,32577,404C,3 meter,3,2016-04-29,28.8,2016 USA Diving Junior Region 12 Championships
Max Valasek,M,23,32577,404C,3 meter,3,2015-08-01,34.8,2015 USA Diving ATT National Diving Championships
Max Valasek,M,23,32577,404C,3 meter,3,2015-06-11,34.8,2015 USA Diving National Preliminary Zone F Championships
Max Valasek,M,23,32577,404C,3 meter,3,2015-05-02,38.4,2015 USA Diving Junior Region 12 Championships
Max Valasek,M,23,32577,404C,3 meter,3,2014-12-05,33.6,2014 Chris Vonk Memorial Diving Invitational
Max Valasek,M,23,32577,404C,3 meter,3,2014-08-04,33.6,2014 USA DIVING JUNIOR NATIONAL DIVING CHAMPIONSHIPS
Max Valasek,M,23,32577,404C,3 meter,3,2014-08-04,40.8,2014 USA DIVING JUNIOR NATIONAL DIVING CHAMPIONSHIPS
Max Valasek,M,23,32577,404C,3 meter,3,2014-07-10,39.6,2014 USA Diving Summer Junior Zone E Championships
Max Valasek,M,23,32577,404C,3 meter,3,2014-06-13,39.6,2014 USA Diving Summer Junior Region 9 Championships
Max Valasek,M,23,32577,404C,3 meter,3,2014-04-25,33.6,2014 USA Diving Junior West National Championships
Max Valasek,M,23,32577,404C,3 meter,3,2014-03-07,37.2,2014 USA Diving Spring Junior Region 10 Championships
Max Valasek,M,23,32577,404C,3 meter,3,2014-02-15,38.4,2014 Rose Bowl Invitational
Max Valasek,M,23,32577,404C,3 meter,3,2013-12-13,36.0,2013 Chris Vonk Memorial Diving Invitational
Max Valasek,M,23,32577,404C,3 meter,3,2013-07-31,36.0,2013 USA DIVING Age Group National Championships
Max Valasek,M,23,32577,404C,3 meter,3,2013-07-31,43.2,2013 USA DIVING Age Group National Championships
Max Valasek,M,23,32577,404C,3 meter,3,2013-07-11,39.6,2013 USA Diving Summer Junior Zone E Championships
Max Valasek,M,23,32577,404C,3 meter,3,2013-06-07,21.6,2013 USA Diving Summer Junior Region 10 Championships
Max Valasek,M,23,32577,405C,3 meter,3,2019-07-30,49.95,2019 USA Diving Junior National Championships
Max Valasek,M,23,32577,405C,3 meter,3,2019-06-29,56.7,Santa Clara Diving Invitational
Max Valasek,M,23,32577,405C,3 meter,3,2019-06-14,44.55,2019 USA Diving Zone E Championships
Max Valasek,M,23,32577,405C,3 meter,3,2019-04-26,49.95,2019 USA Diving Junior Region 10 Championships
Max Valasek,M,23,32577,405C,3 meter,3,2018-07-29,49.95,2018 USA Diving Junior National Championships
Max Valasek,M,23,32577,405C,3 meter,3,2018-06-28,56.7,2018 USA Diving Zone E Championships
Max Valasek,M,23,32577,405C,3 meter,3,2018-06-16,48.6,Santa Clara Diving Invitational
Max Valasek,M,23,32577,405C,3 meter,3,2018-04-27,56.7,2018 USA Diving Junior Region 10 Championships
Max Valasek,M,23,32577,405C,3 meter,3,2018-04-14,52.65,Capital Pre Region Invitational
Max Valasek,M,23,32577,405C,3 meter,3,2018-03-08,40.5,2018 Texas All Star Challenge
Max Valasek,M,23,32577,405C,3 meter,3,2018-03-08,55.35,2018 Texas All Star Challenge
Max Valasek,M,23,32577,405C,3 meter,3,2017-07-29,45.9,2017 USA Diving National Diving Championships
Max Valasek,M,23,32577,405C,3 meter,3,2017-07-05,18.9,2017 USA Diving National Preliminary Zone E Championships
Max Valasek,M,23,32577,405C,3 meter,3,2017-04-21,45.9,2017 USA Diving Junior Region 10 Championships
Max Valasek,M,23,32577,405C,3 meter,3,2015-03-27,35.1,2015 Rose Bowl Diving Invitational
Max Valasek,M,23,32577,5132D,3 meter,3,2017-07-29,37.8,2017 USA Diving National Diving Championships
Max Valasek,M,23,32577,5132D,3 meter,3,2017-07-05,38.85,2017 USA Diving National Preliminary Zone E Championships
Max Valasek,M,23,32577,5132D,3 meter,3,2017-04-21,38.85,2017 USA Diving Junior Region 10 Championships
Max Valasek,M,23,32577,5132D,3 meter,3,2013-03-16,12.6,2013 USA Diving Spring Junior Region 9 Championships
Max Valasek,M,23,32577,5152B,3 meter,3,2019-07-30,60.0,2019 USA Diving Junior National Championships
Max Valasek,M,23,32577,5152B,3 meter,3,2019-06-29,51.0,Santa Clara Diving Invitational
Max Valasek,M,23,32577,5152B,3 meter,3,2019-06-14,27.0,2019 USA Diving Zone E Championships
Max Valasek,M,23,32577,5152B,3 meter,3,2019-04-26,43.5,2019 USA Diving Junior Region 10 Championships
Max Valasek,M,23,32577,5152B,3 meter,3,2018-07-29,40.5,2018 USA Diving Junior National Championships
Max Valasek,M,23,32577,5152B,3 meter,3,2018-06-28,46.5,2018 USA Diving Zone E Championships
Max Valasek,M,23,32577,5231D,3 meter,3,2019-07-30,40.0,2019 USA Diving Junior National Championships
Max Valasek,M,23,32577,5231D,3 meter,3,2019-06-14,38.0,2019 USA Diving Zone E Championships
Max Valasek,M,23,32577,5231D,3 meter,3,2019-04-26,40.0,2019 USA Diving Junior Region 10 Championships
Max Valasek,M,23,32577,5231D,3 meter,3,2018-11-10,45.0,Santa Clara Fall Diving Invitational
Max Valasek,M,23,32577,5231D,3 meter,3,2018-07-29,35.0,2018 USA Diving Junior National Championships
Max Valasek,M,23,32577,5231D,3 meter,3,2018-06-28,43.0,2018 USA Diving Zone E Championships
Max Valasek,M,23,32577,5231D,3 meter,3,2018-04-27,36.0,2018 USA Diving Junior Region 10 Championships
Max Valasek,M,23,32577,5231D,3 meter,3,2018-04-14,40.0,Capital Pre Region Invitational
Max Valasek,M,23,32577,5231D,3 meter,3,2017-07-05,48.0,2017 USA Diving National Preliminary Zone E Championships
Max Valasek,M,23,32577,5231D,3 meter,3,2017-04-21,45.0,2017 USA Diving Junior Region 10 Championships
Max Valasek,M,23,32577,5231D,3 meter,3,2016-08-01,38.0,2016 USA Diving ATT National Diving Championships
Max Valasek,M,23,32577,5231D,3 meter,3,2016-07-07,44.0,2016 USA Diving National Zone F Meet
Max Valasek,M,23,32577,5231D,3 meter,3,2016-04-29,37.0,2016 USA Diving Junior Region 12 Championships
Max Valasek,M,23,32577,5231D,3 meter,3,2015-08-01,33.0,2015 USA Diving ATT National Diving Championships
Max Valasek,M,23,32577,5231D,3 meter,3,2015-06-11,38.0,2015 USA Diving National Preliminary Zone F Championships
Max Valasek,M,23,32577,5231D,3 meter,3,2015-05-02,36.0,2015 USA Diving Junior Region 12 Championships
Max Valasek,M,23,32577,5231D,3 meter,3,2015-03-27,39.0,2015 Rose Bowl Diving Invitational
Max Valasek,M,23,32577,5231D,3 meter,3,2014-12-05,37.0,2014 Chris Vonk Memorial Diving Invitational
Max Valasek,M,23,32577,5231D,3 meter,3,2014-08-04,34.0,2014 USA DIVING JUNIOR NATIONAL DIVING CHAMPIONSHIPS
Max Valasek,M,23,32577,5231D,3 meter,3,2014-07-10,43.0,2014 USA Diving Summer Junior Zone E Championships
Max Valasek,M,23,32577,5231D,3 meter,3,2014-06-13,38.0,2014 USA Diving Summer Junior Region 9 Championships
Max Valasek,M,23,32577,5231D,3 meter,3,2014-04-25,34.0,2014 USA Diving Junior West National Championships
Max Valasek,M,23,32577,5231D,3 meter,3,2014-03-07,34.0,2014 USA Diving Spring Junior Region 10 Championships
Max Valasek,M,23,32577,5231D,3 meter,3,2014-02-15,8.0,2014 Rose Bowl Invitational
Max Valasek,M,23,32577,5231D,3 meter,3,2013-12-13,24.0,2013 Chris Vonk Memorial Diving Invitational
Max Valasek,M,23,32577,5231D,3 meter,3,2013-07-31,22.0,2013 USA DIVING Age Group National Championships
Max Valasek,M,23,32577,5231D,3 meter,3,2013-07-11,23.0,2013 USA Diving Summer Junior Zone E Championships
Max Valasek,M,23,32577,5231D,3 meter,3,2013-06-07,22.0,2013 USA Diving Summer Junior Region 10 Championships
Max Valasek,M,23,32577,5231D,3 meter,3,2013-05-24,10.0,Greg Louganis Southern California Invitational
Max Valasek,M,23,32577,5231D,3 meter,3,2013-03-16,0.0,2013 USA Diving Spring Junior Region 9 Championships
Max Valasek,M,23,32577,5231D,3 meter,3,2012-08-01,21.0,2012 USA DIVING Age Group National Championships
Max Valasek,M,23,32577,5231D,3 meter,3,2012-08-01,25.0,2012 USA DIVING Age Group National Championships
Max Valasek,M,23,32577,5231D,3 meter,3,2012-07-12,27.0,2012 USA Diving Summer Junior Zone E Championships
Max Valasek,M,23,32577,5231D,3 meter,3,2012-06-08,24.0,2012 USA Diving Summer Junior Region 10 Championships
Max Valasek,M,23,32577,5233D,3 meter,3,2019-04-26,49.2,2019 USA Diving Junior Region 10 Championships
Max Valasek,M,23,32577,5233D,3 meter,3,2018-11-10,44.4,Santa Clara Fall Diving Invitational
Max Valasek,M,23,32577,5233D,3 meter,3,2018-06-16,45.6,Santa Clara Diving Invitational
Max Valasek,M,23,32577,5233D,3 meter,3,2018-04-27,49.2,2018 USA Diving Junior Region 10 Championships
Max Valasek,M,23,32577,5233D,3 meter,3,2018-04-14,43.2,Capital Pre Region Invitational
Max Valasek,M,23,32577,5233D,3 meter,3,2018-03-08,43.2,2018 Texas All Star Challenge
Max Valasek,M,23,32577,5233D,3 meter,3,2018-03-08,42.0,2018 Texas All Star Challenge
Max Valasek,M,23,32577,5233D,3 meter,3,2017-07-29,42.0,2017 USA Diving National Diving Championships
Max Valasek,M,23,32577,5233D,3 meter,3,2016-08-01,39.6,2016 USA Diving ATT National Diving Championships
Max Valasek,M,23,32577,5233D,3 meter,3,2016-07-07,48.0,2016 USA Diving National Zone F Meet
Max Valasek,M,23,32577,5233D,3 meter,3,2016-04-29,37.2,2016 USA Diving Junior Region 12 Championships
Max Valasek,M,23,32577,5233D,3 meter,3,2015-08-01,42.0,2015 USA Diving ATT National Diving Championships
Max Valasek,M,23,32577,5233D,3 meter,3,2015-06-11,39.6,2015 USA Diving National Preliminary Zone F Championships
Max Valasek,M,23,32577,5233D,3 meter,3,2015-05-02,39.6,2015 USA Diving Junior Region 12 Championships
Max Valasek,M,23,32577,5233D,3 meter,3,2015-03-27,37.2,2015 Rose Bowl Diving Invitational
Max Valasek,M,23,32577,5233D,3 meter,3,2014-12-05,39.6,2014 Chris Vonk Memorial Diving Invitational
Max Valasek,M,23,32577,5331D,3 meter,3,2018-03-08,43.05,2018 Texas All Star Challenge
Max Valasek,M,23,32577,5331D,3 meter,3,2018-03-08,40.95,2018 Texas All Star Challenge
Max Valasek,M,23,32577,5331D,3 meter,3,2017-07-29,37.8,2017 USA Diving National Diving Championships
Max Valasek,M,23,32577,5331D,3 meter,3,2017-07-05,39.9,2017 USA Diving National Preliminary Zone E Championships
Max Valasek,M,23,32577,5331D,3 meter,3,2017-04-21,36.75,2017 USA Diving Junior Region 10 Championships
Max Valasek,M,23,32577,101B,platform,5,2013-05-24,22.75,Greg Louganis Southern California Invitational
Max Valasek,M,23,32577,101B,platform,5,2012-08-01,21.45,2012 USA DIVING Age Group National Championships
Max Valasek,M,23,32577,101B,platform,5,2012-07-12,17.55,2012 USA Diving Summer Junior Zone E Championships
Max Valasek,M,23,32577,103B,platform,5,2019-06-14,30.6,2019 USA Diving Zone E Championships
Max Valasek,M,23,32577,103B,platform,5,2018-06-28,40.8,2018 USA Diving Zone E Championships
Max Valasek,M,23,32577,103B,platform,5,2016-07-07,28.9,2016 USA Diving National Zone F Meet
Max Valasek,M,23,32577,103B,platform,5,2013-05-24,31.45,Greg Louganis Southern California Invitational
Max Valasek,M,23,32577,103B,platform,5,2012-08-01,33.15,2012 USA DIVING Age Group National Championships
Max Valasek,M,23,32577,103B,platform,5,2012-08-01,33.15,2012 USA DIVING Age Group National Championships
Max Valasek,M,23,32577,103B,platform,5,2017-04-21,35.2,2017 USA Diving Junior Region 10 Championships
Max Valasek,M,23,32577,103B,platform,5,2015-08-01,24.8,2015 USA Diving ATT National Diving Championships
Max Valasek,M,23,32577,103B,platform,5,2015-06-11,28.0,2015 USA Diving National Preliminary Zone F Championships
Max Valasek,M,23,32577,103B,platform,5,2014-12-05,34.4,2014 Chris Vonk Memorial Diving Invitational
Max Valasek,M,23,32577,103B,platform,5,2014-08-04,28.0,2014 USA DIVING JUNIOR NATIONAL DIVING CHAMPIONSHIPS
Max Valasek,M,23,32577,103B,platform,5,2014-07-10,31.2,2014 USA Diving Summer Junior Zone E Championships
Max Valasek,M,23,32577,103B,platform,5,2013-12-13,36.0,2013 Chris Vonk Memorial Diving Invitational
Max Valasek,M,23,32577,103B,platform,5,2013-07-31,37.6,2013 USA DIVING Age Group National Championships
Max Valasek,M,23,32577,103B,platform,5,2013-07-11,26.4,2013 USA Diving Summer Junior Zone E Championships
Max Valasek,M,23,32577,103B,platform,5,2019-07-30,31.2,2019 USA Diving Junior National Championships
Max Valasek,M,23,32577,103B,platform,5,2018-07-29,33.6,2018 USA Diving Junior National Championships
Max Valasek,M,23,32577,103B,platform,5,2018-03-08,36.0,2018 Texas All Star Challenge
Max Valasek,M,23,32577,103B,platform,5,2016-08-01,29.6,2016 USA Diving ATT National Diving Championships
Max Valasek,M,23,32577,103B,platform,5,2015-03-27,34.4,2015 Rose Bowl Diving Invitational
Max Valasek,M,23,32577,103C,platform,5,2012-07-12,28.0,2012 USA Diving Summer Junior Zone E Championships
Max Valasek,M,23,32577,105B,platform,5,2019-07-30,35.1,2019 USA Diving Junior National Championships
Max Valasek,M,23,32577,105C,platform,5,2018-06-28,48.0,2018 USA Diving Zone E Championships
Max Valasek,M,23,32577,105C,platform,5,2017-04-21,43.2,2017 USA Diving Junior Region 10 Championships
Max Valasek,M,23,32577,105C,platform,5,2016-08-01,39.6,2016 USA Diving ATT National Diving Championships
Max Valasek,M,23,32577,105C,platform,5,2016-07-07,46.8,2016 USA Diving National Zone F Meet
Max Valasek,M,23,32577,105C,platform,5,2015-08-01,43.2,2015 USA Diving ATT National Diving Championships
Max Valasek,M,23,32577,105C,platform,5,2015-06-11,39.6,2015 USA Diving National Preliminary Zone F Championships
Max Valasek,M,23,32577,105C,platform,5,2015-03-27,37.2,2015 Rose Bowl Diving Invitational
Max Valasek,M,23,32577,105C,platform,5,2014-12-05,37.2,2014 Chris Vonk Memorial Diving Invitational
Max Valasek,M,23,32577,105C,platform,5,2013-07-11,28.8,2013 USA Diving Summer Junior Zone E Championships
Max Valasek,M,23,32577,105C,platform,5,2014-08-04,39.6,2014 USA DIVING JUNIOR NATIONAL DIVING CHAMPIONSHIPS
Max Valasek,M,23,32577,105C,platform,5,2014-08-04,45.1,2014 USA DIVING JUNIOR NATIONAL DIVING CHAMPIONSHIPS
Max Valasek,M,23,32577,105C,platform,5,2014-07-10,34.1,2014 USA Diving Summer Junior Zone E Championships
Max Valasek,M,23,32577,105C,platform,5,2013-12-13,22.0,2013 Chris Vonk Memorial Diving Invitational
Max Valasek,M,23,32577,105C,platform,5,2013-07-31,46.2,2013 USA DIVING Age Group National Championships
Max Valasek,M,23,32577,105C,platform,5,2013-07-31,37.4,2013 USA DIVING Age Group National Championships
Max Valasek,M,23,32577,107B,platform,10,2019-06-14,31.5,2019 USA Diving Zone E Championships
Max Valasek,M,23,32577,107B,platform,10,2018-07-29,36.0,2018 USA Diving Junior National Championships
Max Valasek,M,23,32577,201B,platform,5,2019-07-30,25.6,2019 USA Diving Junior National Championships
Max Valasek,M,23,32577,201B,platform,5,2019-06-14,32.8,2019 USA Diving Zone E Championships
Max Valasek,M,23,32577,201B,platform,5,2018-07-29,28.8,2018 USA Diving Junior National Championships
Max Valasek,M,23,32577,201B,platform,5,2018-06-28,27.2,2018 USA Diving Zone E Championships
Max Valasek,M,23,32577,201B,platform,5,2018-03-08,19.2,2018 Texas All Star Challenge
Max Valasek,M,23,32577,201B,platform,5,2017-04-21,20.0,2017 USA Diving Junior Region 10 Championships
Max Valasek,M,23,32577,201C,platform,5,2016-08-01,24.75,2016 USA Diving ATT National Diving Championships
Max Valasek,M,23,32577,201C,platform,5,2016-07-07,27.0,2016 USA Diving National Zone F Meet
Max Valasek,M,23,32577,201C,platform,5,2015-08-01,29.25,2015 USA Diving ATT National Diving Championships
Max Valasek,M,23,32577,201C,platform,5,2015-03-27,27.75,2015 Rose Bowl Diving Invitational
Max Valasek,M,23,32577,201C,platform,5,2014-12-05,33.0,2014 Chris Vonk Memorial Diving Invitational
Max Valasek,M,23,32577,201C,platform,5,2014-08-04,25.5,2014 USA DIVING JUNIOR NATIONAL DIVING CHAMPIONSHIPS
Max Valasek,M,23,32577,201C,platform,5,2014-07-10,22.5,2014 USA Diving Summer Junior Zone E Championships
Max Valasek,M,23,32577,201C,platform,5,2013-12-13,27.75,2013 Chris Vonk Memorial Diving Invitational
Max Valasek,M,23,32577,201C,platform,5,2013-07-31,30.75,2013 USA DIVING Age Group National Championships
Max Valasek,M,23,32577,201C,platform,5,2013-07-11,21.75,2013 USA Diving Summer Junior Zone E Championships
Max Valasek,M,23,32577,201C,platform,5,2013-05-24,25.5,Greg Louganis Southern California Invitational
Max Valasek,M,23,32577,201C,platform,5,2012-08-01,24.75,2012 USA DIVING Age Group National Championships
Max Valasek,M,23,32577,201C,platform,5,2012-07-12,18.75,2012 USA Diving Summer Junior Zone E Championships
Max Valasek,M,23,32577,203B,platform,5,2017-04-21,40.25,2017 USA Diving Junior Region 10 Championships
Max Valasek,M,23,32577,205C,platform,5,2019-07-30,36.0,2019 USA Diving Junior National Championships
Max Valasek,M,23,32577,205C,platform,5,2019-06-14,34.5,2019 USA Diving Zone E Championships
Max Valasek,M,23,32577,205C,platform,5,2015-08-01,16.8,2015 USA Diving ATT National Diving Championships
Max Valasek,M,23,32577,205C,platform,5,2015-06-11,32.2,2015 USA Diving National Preliminary Zone F Championships
Max Valasek,M,23,32577,301B,platform,5,2019-07-30,30.6,2019 USA Diving Junior National Championships
Max Valasek,M,23,32577,301B,platform,5,2019-06-14,26.35,2019 USA Diving Zone E Championships
Max Valasek,M,23,32577,301B,platform,5,2018-07-29,27.2,2018 USA Diving Junior National Championships
Max Valasek,M,23,32577,301B,platform,5,2018-06-28,34.0,2018 USA Diving Zone E Championships
Max Valasek,M,23,32577,301B,platform,5,2017-04-21,23.8,2017 USA Diving Junior Region 10 Championships
Max Valasek,M,23,32577,301C,platform,5,2016-08-01,20.8,2016 USA Diving ATT National Diving Championships
Max Valasek,M,23,32577,301C,platform,5,2016-07-07,21.6,2016 USA Diving National Zone F Meet
Max Valasek,M,23,32577,301C,platform,5,2015-03-27,27.2,2015 Rose Bowl Diving Invitational
Max Valasek,M,23,32577,301C,platform,5,2013-12-13,23.2,2013 Chris Vonk Memorial Diving Invitational
Max Valasek,M,23,32577,301C,platform,5,2013-07-31,28.0,2013 USA DIVING Age Group National Championships
Max Valasek,M,23,32577,301C,platform,5,2013-07-31,35.2,2013 USA DIVING Age Group National Championships
Max Valasek,M,23,32577,301C,platform,5,2013-07-11,24.0,2013 USA Diving Summer Junior Zone E Championships
Max Valasek,M,23,32577,301C,platform,5,2013-05-24,26.4,Greg Louganis Southern California Invitational
Max Valasek,M,23,32577,303C,platform,5,2019-07-30,12.6,2019 USA Diving Junior National Championships
Max Valasek,M,23,32577,303C,platform,5,2019-06-14,40.95,2019 USA Diving Zone E Championships
Max Valasek,M,23,32577,303C,platform,5,2018-07-29,18.9,2018 USA Diving Junior National Championships
Max Valasek,M,23,32577,303C,platform,5,2018-06-28,22.05,2018 USA Diving Zone E Championships
Max Valasek,M,23,32577,401B,platform,5,2019-07-30,27.75,2019 USA Diving Junior National Championships
Max Valasek,M,23,32577,401B,platform,5,2019-06-14,27.0,2019 USA Diving Zone E Championships
Max Valasek,M,23,32577,401B,platform,5,2018-07-29,25.5,2018 USA Diving Junior National Championships
Max Valasek,M,23,32577,401B,platform,5,2018-06-28,27.75,2018 USA Diving Zone E Championships
Max Valasek,M,23,32577,401B,platform,5,2017-04-21,27.0,2017 USA Diving Junior Region 10 Championships
Max Valasek,M,23,32577,401B,platform,5,2016-07-07,27.0,2016 USA Diving National Zone F Meet
Max Valasek,M,23,32577,401B,platform,5,2013-05-24,29.25,Greg Louganis Southern California Invitational
Max Valasek,M,23,32577,401B,platform,5,2012-08-01,33.75,2012 USA DIVING Age Group National Championships
Max Valasek,M,23,32577,401B,platform,5,2012-07-12,21.75,2012 USA Diving Summer Junior Zone E Championships
Max Valasek,M,23,32577,403B,platform,7.5,2019-07-30,42.0,2019 USA Diving Junior National Championships
Max Valasek,M,23,32577,403B,platform,7.5,2019-06-14,47.25,2019 USA Diving Zone E Championships
Max Valasek,M,23,32577,403C,platform,5,2018-07-29,37.4,2018 USA Diving Junior National Championships
Max Valasek,M,23,32577,403C,platform,5,2018-06-28,41.8,2018 USA Diving Zone E Championships
Max Valasek,M,23,32577,403C,platform,5,2018-03-08,16.5,2018 Texas All Star Challenge
Max Valasek,M,23,32577,403C,platform,5,2017-04-21,41.8,2017 USA Diving Junior Region 10 Championships
Max Valasek,M,23,32577,403C,platform,5,2016-08-01,39.6,2016 USA Diving ATT National Diving Championships
Max Valasek,M,23,32577,403C,platform,5,2016-07-07,48.4,2016 USA Diving National Zone F Meet
Max Valasek,M,23,32577,403C,platform,5,2015-08-01,39.6,2015 USA Diving ATT National Diving Championships
Max Valasek,M,23,32577,403C,platform,5,2015-06-11,42.9,2015 USA Diving National Preliminary Zone F Championships
Max Valasek,M,23,32577,403C,platform,5,2015-03-27,12.1,2015 Rose Bowl Diving Invitational
Max Valasek,M,23,32577,403C,platform,5,2014-12-05,36.3,2014 Chris Vonk Memorial Diving Invitational
Max Valasek,M,23,32577,403C,platform,5,2014-08-04,48.4,2014 USA DIVING JUNIOR NATIONAL DIVING CHAMPIONSHIPS
Max Valasek,M,23,32577,403C,platform,5,2014-07-10,46.2,2014 USA Diving Summer Junior Zone E Championships
Max Valasek,M,23,32577,403C,platform,5,2013-12-13,36.3,2013 Chris Vonk Memorial Diving Invitational
Max Valasek,M,23,32577,403C,platform,5,2013-07-31,39.6,2013 USA DIVING Age Group National Championships
Max Valasek,M,23,32577,403C,platform,5,2013-07-11,42.9,2013 USA Diving Summer Junior Zone E Championships
Max Valasek,M,23,32577,403C,platform,5,2013-05-24,46.2,Greg Louganis Southern California Invitational
Max Valasek,M,23,32577,403C,platform,5,2012-08-01,33.0,2012 USA DIVING Age Group National Championships
Max Valasek,M,23,32577,403C,platform,5,2012-08-01,44.0,2012 USA DIVING Age Group National Championships
Max Valasek,M,23,32577,403C,platform,5,2012-07-12,33.0,2012 USA Diving Summer Junior Zone E Championships
Max Valasek,M,23,32577,404C,platform,5,2015-08-01,46.2,2015 USA Diving ATT National Diving Championships
Max Valasek,M,23,32577,404C,platform,5,2015-06-11,49.0,2015 USA Diving National Preliminary Zone F Championships
Max Valasek,M,23,32577,404C,platform,5,2014-12-05,49.0,2014 Chris Vonk Memorial Diving Invitational
Max Valasek,M,23,32577,404C,platform,5,2014-08-04,50.4,2014 USA DIVING JUNIOR NATIONAL DIVING CHAMPIONSHIPS
Max Valasek,M,23,32577,404C,platform,5,2014-08-04,42.0,2014 USA DIVING JUNIOR NATIONAL DIVING CHAMPIONSHIPS
Max Valasek,M,23,32577,404C,platform,5,2013-12-13,40.6,2013 Chris Vonk Memorial Diving Invitational
Max Valasek,M,23,32577,404C,platform,5,2013-07-31,37.8,2013 USA DIVING Age Group National Championships
Max Valasek,M,23,32577,404C,platform,5,2013-07-31,46.2,2013 USA DIVING Age Group National Championships
Max Valasek,M,23,32577,404C,platform,5,2013-07-11,44.8,2013 USA Diving Summer Junior Zone E Championships
Max Valasek,M,23,32577,405C,platform,7.5,2015-03-27,35.1,2015 Rose Bowl Diving Invitational
Max Valasek,M,23,32577,405C,platform,7.5,2014-07-10,35.1,2014 USA Diving Summer Junior Zone E Championships
Max Valasek,M,23,32577,5231D,platform,5,2019-07-30,38.85,2019 USA Diving Junior National Championships
Max Valasek,M,23,32577,5231D,platform,5,2019-06-14,45.15,2019 USA Diving Zone E Championships
Max Valasek,M,23,32577,5231D,platform,5,2018-06-28,40.95,2018 USA Diving Zone E Championships
Max Valasek,M,23,32577,5231D,platform,5,2017-04-21,32.55,2017 USA Diving Junior Region 10 Championships
Max Valasek,M,23,32577,5231D,platform,5,2016-08-01,38.85,2016 USA Diving ATT National Diving Championships
Max Valasek,M,23,32577,5231D,platform,5,2015-06-11,32.0,2015 USA Diving National Preliminary Zone F Championships
Max Valasek,M,23,32577,5231D,platform,5,2015-03-27,33.0,2015 Rose Bowl Diving Invitational
Max Valasek,M,23,32577,5231D,platform,5,2014-12-05,35.0,2014 Chris Vonk Memorial Diving Invitational
Max Valasek,M,23,32577,5231D,platform,5,2014-08-04,47.0,2014 USA DIVING JUNIOR NATIONAL DIVING CHAMPIONSHIPS
Max Valasek,M,23,32577,5231D,platform,5,2014-08-04,39.0,2014 USA DIVING JUNIOR NATIONAL DIVING CHAMPIONSHIPS
Max Valasek,M,23,32577,5231D,platform,5,2014-07-10,42.0,2014 USA Diving Summer Junior Zone E Championships
Max Valasek,M,23,32577,5233D,platform,5,2018-07-29,32.5,2018 USA Diving Junior National Championships
Max Valasek,M,23,32577,5233D,platform,5,2018-06-28,41.25,2018 USA Diving Zone E Championships
Max Valasek,M,23,32577,5233D,platform,5,2017-04-21,36.25,2017 USA Diving Junior Region 10 Championships
Max Valasek,M,23,32577,5233D,platform,5,2016-08-01,28.75,2016 USA Diving ATT National Diving Championships
Max Valasek,M,23,32577,5233D,platform,5,2016-07-07,36.25,2016 USA Diving National Zone F Meet
Max Valasek,M,23,32577,5233D,platform,5,2015-08-01,22.8,2015 USA Diving ATT National Diving Championships
Max Valasek,M,23,32577,5233D,platform,5,2015-06-11,32.4,2015 USA Diving National Preliminary Zone F Championships
Max Valasek,M,23,32577,612B,platform,5,2019-06-14,39.95,2019 USA Diving Zone E Championships
Max Valasek,M,23,32577,612B,platform,5,2018-06-28,28.9,2018 USA Diving Zone E Championships
Max Valasek,M,23,32577,612B,platform,5,2017-04-21,33.15,2017 USA Diving Junior Region 10 Championships
Max Valasek,M,23,32577,612B,platform,5,2016-07-07,26.35,2016 USA Diving National Zone F Meet
Max Valasek,M,23,32577,612B,platform,5,2015-08-01,32.4,2015 USA Diving ATT National Diving Championships
Max Valasek,M,23,32577,612B,platform,5,2015-06-11,37.8,2015 USA Diving National Preliminary Zone F Championships
Max Valasek,M,23,32577,612B,platform,5,2014-12-05,26.1,2014 Chris Vonk Memorial Diving Invitational
Max Valasek,M,23,32577,612B,platform,5,2014-08-04,30.6,2014 USA DIVING JUNIOR NATIONAL DIVING CHAMPIONSHIPS
Max Valasek,M,23,32577,612B,platform,5,2014-07-10,27.9,2014 USA Diving Summer Junior Zone E Championships
Max Valasek,M,23,32577,612B,platform,5,2013-12-13,17.1,2013 Chris Vonk Memorial Diving Invitational
Max Valasek,M,23,32577,612B,platform,5,2013-07-31,30.6,2013 USA DIVING Age Group National Championships
Max Valasek,M,23,32577,612B,platform,5,2013-07-11,33.3,2013 USA Diving Summer Junior Zone E Championships
Max Valasek,M,23,32577,612B,platform,5,2013-05-24,34.2,Greg Louganis Southern California Invitational
Max Valasek,M,23,32577,612B,platform,5,2019-07-30,34.2,2019 USA Diving Junior National Championships
Max Valasek,M,23,32577,612B,platform,5,2018-07-29,26.6,2018 USA Diving Junior National Championships
Max Valasek,M,23,32577,612B,platform,5,2018-03-08,36.1,2018 Texas All Star Challenge
Max Valasek,M,23,32577,612B,platform,5,2016-08-01,38.0,2016 USA Diving ATT National Diving Championships
Max Valasek,M,23,32577,612B,platform,5,2015-03-27,36.1,2015 Rose Bowl Diving Invitational
Max Valasek,M,23,32577,614B,platform,10,2018-07-29,38.4,2018 USA Diving Junior National Championships
